name	num_motifs	source	posneg	motifs
ALX3,ALX4,ARGFX,ARX,BARX1,BSH,BSX,DLX1,DLX2,DLX3,DLX4,DLX5,DLX6,DRGX,EMX1,EMX2,EN1,EN2,ESX1,EVX1,EVX2,GBX1,GBX2,GSC2,GSX1,GSX2,HESX1,HME1,HME2,HOXA1,HOXA2,HOXA3,HOXA4,HOXA5,HOXA6,HOXA7,HOXB1,HOXB2,HOXB3,HOXB4,HOXB5,HOXB6,HOXB7,HOXB8,HOXC4,HOXC8,HOXD3,HOXD4,HOXD8,HXA1,HXA2,HXA4,HXA5,HXA6,HXA7,HXB1,HXB2,HXB3,HXB4,HXB5,HXB6,HXB7,HXB8,HXC4,HXC8,HXD1,HXD3,HXD4,HXD8,ISL1,ISL2,ISX,LBX1,LBX2,LHX1,LHX2,LHX3,LHX4,LHX5,LHX6,LHX8,LHX9,LMX1A,LMX1B,MEOX1,MEOX2,MIXL1,MNX1,MSX1,MSX2,NANOG,NKX6-1,NKX6-2,NKX6-3,NKX61,NKX62,NKX63,NOTO,PAX4,PDX1,PHX2A,PHX2B,PO3F1,PO3F2,PO3F3,PO6F1,PO6F2,POU6F1,POU6F2,PROP1,PRRX1,PRRX2,RAX,RAX2,RX,SHOX,SHOX2,SKOR1,SKOR2,TLX2,TLX3,UNC4,UNCX,VAX1,VAX2,VENTX,VSX1,VSX2,ZNF536	292	CDBK,HOCO,JASP	pos	JASP.MA0612.1.EMX1,JASP.MA0618.1.LBX1,JASP.MA0628.1.POU6F1,JASP.MA0630.1.SHOX,JASP.MA0634.1.ALX3,JASP.MA0027.2.EN1,JASP.MA0642.1.EN2,JASP.MA0644.1.ESX1,JASP.MA0654.1.ISX,JASP.MA0658.1.LHX6,JASP.MA0661.1.MEOX1,JASP.MA0662.1.MIXL1,JASP.MA0666.1.MSX1,JASP.MA0674.1.NKX6-1,JASP.MA0675.1.NKX6-2,JASP.MA0068.2.PAX4,JASP.MA0699.1.LBX2,JASP.MA0700.1.LHX2,JASP.MA0701.1.LHX9,JASP.MA0702.1.LMX1A,JASP.MA0703.1.LMX1B,JASP.MA0706.1.MEOX2,JASP.MA0707.1.MNX1,JASP.MA0708.1.MSX2,JASP.MA0710.1.NOTO,JASP.MA0132.2.PDX1,JASP.MA0716.1.PRRX1,JASP.MA0717.1.RAX2,JASP.MA0718.1.RAX,JASP.MA0721.1.UNCX,JASP.MA0722.1.VAX1,JASP.MA0723.1.VAX2,JASP.MA0724.1.VENTX,JASP.MA0725.1.VSX1,JASP.MA0726.1.VSX2,JASP.MA0793.1.POU6F2,JASP.MA0875.1.BARX1,JASP.MA0876.1.BSX,JASP.MA0882.1.DLX6,JASP.MA0886.1.EMX2,JASP.MA0887.1.EVX1,JASP.MA0888.1.EVX2,JASP.MA0889.1.GBX1,JASP.MA0890.1.GBX2,JASP.MA0892.1.GSX1,JASP.MA0893.1.GSX2,JASP.MA0894.1.HESX1,JASP.MA0900.1.HOXA2,JASP.MA0902.1.HOXB2,JASP.MA0903.1.HOXB3,JASP.MA1463.1.ARGFX,JASP.MA1476.1.DLX5,JASP.MA1481.1.DRGX,JASP.MA1495.1.HOXA1,JASP.MA1496.1.HOXA4,JASP.MA1497.1.HOXA6,JASP.MA1498.1.HOXA7,JASP.MA1499.1.HOXB4,JASP.MA1500.1.HOXB6,JASP.MA1501.1.HOXB7,JASP.MA1502.1.HOXB8,JASP.MA1504.1.HOXC4,JASP.MA1505.1.HOXC8,JASP.MA1507.1.HOXD4,JASP.MA1518.1.LHX1,JASP.MA1519.1.LHX5,JASP.MA1530.1.NKX6-3,JASP.MA1549.1.POU6F1,JASP.MA1577.1.TLX2,JASP.MA0612.2.EMX1,JASP.MA0893.2.GSX2,JASP.MA0900.2.HOXA2,JASP.MA0158.2.HOXA5,JASP.MA0902.2.HOXB2,JASP.MA0904.2.HOXB5,JASP.MA0912.2.HOXD3,JASP.MA0910.2.HOXD8,JASP.MA0701.2.LHX9,JASP.MA0702.2.LMX1A,JASP.MA0703.2.LMX1B,JASP.MA0075.3.PRRX2,JASP.MA2093.1.HOXB1,JASP.MA0700.2.LHX2,JASP.MA2119.1.HOXA3,JASP.MA0642.2.EN2,JASP.MA0644.2.ESX1,JASP.MA0666.2.MSX1,JASP.MA0707.2.MNX1,JASP.MA0708.2.MSX2,JASP.MA0723.2.VAX2,JASP.MA0879.2.DLX1,JASP.MA1498.2.HOXA7,JASP.MA0634.2.ALX3,JASP.MA1463.2.ARGFX,JASP.MA0875.2.BARX1,JASP.MA0876.2.BSX,JASP.MA0879.3.DLX1,JASP.MA0882.2.DLX6,JASP.MA1481.2.DRGX,JASP.MA1495.2.HOXA1,JASP.MA0612.3.EMX1,JASP.MA0886.2.EMX2,JASP.MA0027.3.EN1,JASP.MA0642.3.EN2,JASP.MA0644.3.ESX1,JASP.MA0900.3.HOXA2,JASP.MA0887.2.EVX1,JASP.MA0888.2.EVX2,JASP.MA0889.2.GBX1,JASP.MA0890.2.GBX2,JASP.MA0892.2.GSX1,JASP.MA0893.3.GSX2,JASP.MA0894.2.HESX1,JASP.MA1496.2.HOXA4,JASP.MA1497.2.HOXA6,JASP.MA1498.3.HOXA7,JASP.MA0902.3.HOXB2,JASP.MA0903.2.HOXB3,JASP.MA1499.2.HOXB4,JASP.MA0904.3.HOXB5,JASP.MA1500.2.HOXB6,JASP.MA1501.2.HOXB7,JASP.MA1502.2.HOXB8,JASP.MA1504.2.HOXC4,JASP.MA1505.2.HOXC8,JASP.MA1507.2.HOXD4,JASP.MA0910.3.HOXD8,JASP.MA0654.2.ISX,JASP.MA0618.2.LBX1,JASP.MA0699.2.LBX2,JASP.MA0700.3.LHX2,JASP.MA1519.2.LHX5,JASP.MA0658.2.LHX6,JASP.MA0701.3.LHX9,JASP.MA0702.3.LMX1A,JASP.MA0703.3.LMX1B,JASP.MA0661.2.MEOX1,JASP.MA0706.2.MEOX2,JASP.MA0662.2.MIXL1,JASP.MA0707.3.MNX1,JASP.MA0666.3.MSX1,JASP.MA0708.3.MSX2,JASP.MA0674.2.NKX6-1,JASP.MA0675.2.NKX6-2,JASP.MA1530.2.NKX6-3,JASP.MA0710.2.NOTO,JASP.MA0132.3.PDX1,JASP.MA0628.2.POU6F1,JASP.MA1549.2.POU6F1,JASP.MA0793.2.POU6F2,JASP.MA0716.2.PRRX1,JASP.MA0075.4.PRRX2,JASP.MA0718.2.RAX,JASP.MA0717.2.RAX2,JASP.MA0630.2.SHOX,JASP.MA1577.2.TLX2,JASP.MA0721.2.UNCX,JASP.MA0722.2.VAX1,JASP.MA0723.3.VAX2,JASP.MA0725.2.VSX1,JASP.MA0726.2.VSX2,HOCO.ALX3.H13CORE.0.SM.B,HOCO.ALX3.H13CORE.1.S.B,HOCO.ALX4.H13CORE.1.SM.B,HOCO.ARGFX.H13CORE.0.SM.B,HOCO.ARX.H13CORE.1.SM.B,HOCO.BARX1.H13CORE.1.S.B,HOCO.BSH.H13CORE.0.SM.B,HOCO.DLX1.H13CORE.0.S.B,HOCO.DLX1.H13CORE.1.PSM.A,HOCO.DLX2.H13CORE.0.PSM.A,HOCO.DLX2.H13CORE.1.S.B,HOCO.DLX3.H13CORE.0.SM.B,HOCO.DLX3.H13CORE.1.S.B,HOCO.DLX4.H13CORE.0.SM.B,HOCO.DLX4.H13CORE.1.S.C,HOCO.DLX5.H13CORE.0.PSM.A,HOCO.DLX6.H13CORE.0.SM.B,HOCO.DRGX.H13CORE.1.SM.B,HOCO.EMX1.H13CORE.0.SM.B,HOCO.EMX2.H13CORE.0.S.B,HOCO.ESX1.H13CORE.0.SM.B,HOCO.ESX1.H13CORE.1.S.B,HOCO.EVX1.H13CORE.0.SM.B,HOCO.EVX2.H13CORE.0.SM.B,HOCO.EVX2.H13CORE.1.S.B,HOCO.GBX1.H13CORE.0.S.B,HOCO.GBX1.H13CORE.1.S.B,HOCO.GBX2.H13CORE.0.SM.B,HOCO.GBX2.H13CORE.1.S.B,HOCO.GSC2.H13CORE.0.SM.B,HOCO.GSX1.H13CORE.0.SM.B,HOCO.GSX2.H13CORE.0.SM.B,HOCO.HESX1.H13CORE.0.SM.B,HOCO.HESX1.H13CORE.1.S.B,HOCO.HME1.H13CORE.0.PSM.A,HOCO.HME2.H13CORE.0.SM.B,HOCO.HXA1.H13CORE.0.SM.B,HOCO.HXA1.H13CORE.1.S.B,HOCO.HXA2.H13CORE.0.SM.B,HOCO.HXA4.H13CORE.0.SM.B,HOCO.HXA5.H13CORE.0.SM.B,HOCO.HXA6.H13CORE.0.SM.B,HOCO.HXA7.H13CORE.0.SM.B,HOCO.HXB1.H13CORE.0.SM.B,HOCO.HXB2.H13CORE.0.SM.B,HOCO.HXB3.H13CORE.0.S.B,HOCO.HXB4.H13CORE.1.PSM.A,HOCO.HXB5.H13CORE.0.SM.B,HOCO.HXB6.H13CORE.0.SM.B,HOCO.HXB7.H13CORE.1.SM.B,HOCO.HXB8.H13CORE.0.PSM.A,HOCO.HXC4.H13CORE.0.SM.B,HOCO.HXC8.H13CORE.0.SM.B,HOCO.HXD1.H13CORE.0.SM.B,HOCO.HXD3.H13CORE.0.SM.B,HOCO.HXD4.H13CORE.0.SM.B,HOCO.HXD8.H13CORE.0.SM.B,HOCO.ISL1.H13CORE.0.PSM.A,HOCO.ISL2.H13CORE.0.SM.B,HOCO.ISX.H13CORE.0.SM.B,HOCO.ISX.H13CORE.1.S.B,HOCO.ISX.H13CORE.2.SM.B,HOCO.LBX2.H13CORE.0.S.B,HOCO.LBX2.H13CORE.1.S.B,HOCO.LBX2.H13CORE.2.M.C,HOCO.LHX1.H13CORE.0.S.C,HOCO.LHX1.H13CORE.1.M.C,HOCO.LHX2.H13CORE.0.PS.A,HOCO.LHX2.H13CORE.1.S.C,HOCO.LHX3.H13CORE.0.P.B,HOCO.LHX4.H13CORE.0.SM.B,HOCO.LHX5.H13CORE.0.PSM.A,HOCO.LHX6.H13CORE.1.S.B,HOCO.LHX6.H13CORE.2.M.C,HOCO.LHX8.H13CORE.0.S.B,HOCO.LHX8.H13CORE.1.M.C,HOCO.LHX9.H13CORE.0.PS.A,HOCO.LHX9.H13CORE.1.M.B,HOCO.LMX1A.H13CORE.0.SM.B,HOCO.LMX1B.H13CORE.1.SM.B,HOCO.LMX1B.H13CORE.2.S.B,HOCO.MEOX1.H13CORE.0.SM.B,HOCO.MEOX2.H13CORE.0.SM.B,HOCO.MIXL1.H13CORE.1.S.B,HOCO.MNX1.H13CORE.0.SM.B,HOCO.MSX1.H13CORE.0.SM.B,HOCO.MSX1.H13CORE.1.S.C,HOCO.MSX2.H13CORE.0.SM.B,HOCO.MSX2.H13CORE.1.SM.B,HOCO.NANOG.H13CORE.2.M.C,HOCO.NKX61.H13CORE.1.P.B,HOCO.NKX61.H13CORE.2.S.B,HOCO.NKX62.H13CORE.0.SM.B,HOCO.NKX63.H13CORE.0.SM.B,HOCO.NOTO.H13CORE.0.SM.B,HOCO.PAX4.H13CORE.0.SM.B,HOCO.PAX4.H13CORE.1.S.C,HOCO.PDX1.H13CORE.1.PSM.A,HOCO.PHX2A.H13CORE.1.SM.B,HOCO.PHX2B.H13CORE.1.SM.B,HOCO.PO3F1.H13CORE.2.S.C,HOCO.PO3F2.H13CORE.1.S.B,HOCO.PO3F3.H13CORE.2.S.B,HOCO.PO6F1.H13CORE.0.SM.B,HOCO.PO6F2.H13CORE.0.S.B,HOCO.PROP1.H13CORE.1.P.C,HOCO.PRRX1.H13CORE.0.S.B,HOCO.PRRX1.H13CORE.1.S.B,HOCO.PRRX2.H13CORE.0.SM.B,HOCO.PRRX2.H13CORE.1.S.B,HOCO.RAX2.H13CORE.0.S.B,HOCO.RX.H13CORE.0.SM.B,HOCO.SHOX.H13CORE.0.SM.B,HOCO.SHOX.H13CORE.1.S.B,HOCO.SHOX2.H13CORE.0.S.B,HOCO.SHOX2.H13CORE.1.S.C,HOCO.SKOR1.H13CORE.0.M.C,HOCO.SKOR1.H13CORE.1.S.C,HOCO.SKOR2.H13CORE.0.SM.B,HOCO.TLX2.H13CORE.0.SM.B,HOCO.TLX3.H13CORE.0.SM.B,HOCO.UNC4.H13CORE.0.S.B,HOCO.UNC4.H13CORE.1.S.B,HOCO.VAX1.H13CORE.0.SM.B,HOCO.VAX2.H13CORE.0.SM.B,HOCO.VENTX.H13CORE.0.SM.B,HOCO.VSX1.H13CORE.0.SM.B,HOCO.VSX1.H13CORE.1.SM.B,HOCO.VSX2.H13CORE.1.S.B,HOCO.ZNF536.H13CORE.0.SGI.A,CDBK.LHX6.NA@PBM.HK@TOP1
EHF,ELF1,ELF2,ELF3,ELF4,ELF5,ELK1,ELK3,ELK4,ERF,ERG,ETS1,ETS2,ETV1,ETV2,ETV3,ETV4,ETV5,ETV6,ETV7,FEV,FLI1,GABPA,IKZF2,SPI1,SPIB,ZBTB11,ZBTB7A,ZNF175	109	CDBK,HOCO,JASP	pos	JASP.MA0028.1.ELK1,JASP.MA0062.1.GABPA,JASP.MA0076.1.ELK4,JASP.MA0156.1.FEV,JASP.MA0080.2.SPI1,JASP.MA0473.1.ELF1,JASP.MA0475.1.FLI1,JASP.MA0076.2.ELK4,JASP.MA0598.1.EHF,JASP.MA0598.2.EHF,JASP.MA0640.1.ELF3,JASP.MA0641.1.ELF4,JASP.MA0136.2.ELF5,JASP.MA0645.1.ETV6,JASP.MA0475.2.FLI1,JASP.MA0473.2.ELF1,JASP.MA0759.1.ELK3,JASP.MA0760.1.ERF,JASP.MA0474.2.ERG,JASP.MA0098.3.ETS1,JASP.MA0761.1.ETV1,JASP.MA0762.1.ETV2,JASP.MA0763.1.ETV3,JASP.MA0764.1.ETV4,JASP.MA0765.1.ETV5,JASP.MA0156.2.FEV,JASP.MA0028.2.ELK1,JASP.MA0750.2.ZBTB7A,JASP.MA1483.1.ELF2,JASP.MA1484.1.ETS2,JASP.MA1708.1.ETV7,JASP.MA0598.3.EHF,JASP.MA0473.3.ELF1,JASP.MA0640.2.ELF3,JASP.MA0761.2.ETV1,JASP.MA0764.2.ETV4,JASP.MA0765.2.ETV5,JASP.MA0062.3.GABPA,JASP.MA0080.5.SPI1,JASP.MA0081.2.SPIB,JASP.MA0156.3.FEV,JASP.MA0759.2.ELK3,JASP.MA0764.3.ETV4,JASP.MA0765.3.ETV5,JASP.MA1483.2.ELF2,JASP.MA2326.1.IKZF2,JASP.MA2329.1.ZBTB11,JASP.MA2332.1.ZNF175,JASP.MA0598.4.EHF,JASP.MA0473.4.ELF1,JASP.MA1483.3.ELF2,JASP.MA0640.3.ELF3,JASP.MA0028.3.ELK1,JASP.MA1708.2.ETV7,JASP.MA0759.3.ELK3,JASP.MA0076.3.ELK4,JASP.MA0760.2.ERF,JASP.MA0098.4.ETS1,JASP.MA1484.2.ETS2,JASP.MA0761.3.ETV1,JASP.MA0762.2.ETV2,JASP.MA0763.2.ETV3,JASP.MA0764.4.ETV4,JASP.MA0765.4.ETV5,JASP.MA0645.2.ETV6,JASP.MA0156.4.FEV,JASP.MA0475.3.FLI1,JASP.MA0062.4.GABPA,JASP.MA0081.3.SPIB,JASP.MA0750.3.ZBTB7A,HOCO.EHF.H13CORE.0.P.B,HOCO.ELF1.H13CORE.0.PSM.A,HOCO.ELF2.H13CORE.0.PS.A,HOCO.ELF2.H13CORE.1.M.B,HOCO.ELF3.H13CORE.0.S.B,HOCO.ELF3.H13CORE.1.PM.A,HOCO.ELF4.H13CORE.0.PS.A,HOCO.ELF4.H13CORE.1.M.B,HOCO.ELF5.H13CORE.0.PSM.A,HOCO.ELF5.H13CORE.1.S.B,HOCO.ELK1.H13CORE.0.PSM.A,HOCO.ELK3.H13CORE.0.PSM.A,HOCO.ELK4.H13CORE.0.PSM.A,HOCO.ERF.H13CORE.0.PS.A,HOCO.ERG.H13CORE.0.P.B,HOCO.ERG.H13CORE.1.SM.B,HOCO.ETS1.H13CORE.0.S.B,HOCO.ETS1.H13CORE.1.P.B,HOCO.ETS2.H13CORE.0.S.C,HOCO.ETS2.H13CORE.1.P.B,HOCO.ETV1.H13CORE.0.PSM.A,HOCO.ETV1.H13CORE.1.PM.A,HOCO.ETV2.H13CORE.0.S.B,HOCO.ETV3.H13CORE.0.SM.B,HOCO.ETV4.H13CORE.0.P.B,HOCO.ETV4.H13CORE.1.SM.B,HOCO.ETV5.H13CORE.0.PS.A,HOCO.ETV5.H13CORE.1.PM.A,HOCO.ETV6.H13CORE.0.PS.A,HOCO.ETV6.H13CORE.1.P.B,HOCO.ETV7.H13CORE.0.SM.B,HOCO.FEV.H13CORE.0.S.B,HOCO.FLI1.H13CORE.0.PSM.A,HOCO.FLI1.H13CORE.1.P.B,HOCO.GABPA.H13CORE.0.PSM.A,HOCO.SPI1.H13CORE.0.P.B,HOCO.SPI1.H13CORE.1.S.B,CDBK.ELF3.FL@AFS.GFPIVT@TOP1,CDBK.FLI1.NA@HTS.LYS@TOP1
EGR4,KLF1,KLF10,KLF11,KLF12,KLF13,KLF14,KLF15,KLF16,KLF17,KLF2,KLF3,KLF4,KLF5,KLF6,KLF7,KLF8,KLF9,MAZ,PATZ1,SALL1,SALL4,SP1,SP2,SP3,SP4,SP5,SP8,SP9,VEZF1,ZBTB8A	85	HOCO,JASP	pos	JASP.MA0516.1.SP2,JASP.MA0079.3.SP1,JASP.MA0599.1.KLF5,JASP.MA0657.1.KLF13,JASP.MA0685.1.SP4,JASP.MA0740.1.KLF14,JASP.MA0741.1.KLF16,JASP.MA0746.1.SP3,JASP.MA0747.1.SP8,JASP.MA1511.1.KLF10,JASP.MA1512.1.KLF11,JASP.MA1513.1.KLF15,JASP.MA1515.1.KLF2,JASP.MA1516.1.KLF3,JASP.MA1517.1.KLF6,JASP.MA1564.1.SP9,JASP.MA0079.4.SP1,JASP.MA0746.2.SP3,JASP.MA0039.4.KLF4,JASP.MA1959.1.KLF7,JASP.MA1961.1.PATZ1,JASP.MA0079.5.SP1,JASP.MA0493.2.KLF1,JASP.MA0516.3.SP2,JASP.MA0685.2.SP4,JASP.MA0740.2.KLF14,JASP.MA0742.2.KLF12,JASP.MA1511.2.KLF10,JASP.MA0493.3.KLF1,JASP.MA1512.2.KLF11,JASP.MA0657.2.KLF13,JASP.MA1513.2.KLF15,JASP.MA1515.2.KLF2,JASP.MA1516.2.KLF3,JASP.MA0039.5.KLF4,JASP.MA1517.2.KLF6,JASP.MA1959.2.KLF7,JASP.MA1961.2.PATZ1,JASP.MA0746.3.SP3,JASP.MA0747.2.SP8,JASP.MA1564.2.SP9,HOCO.EGR4.H13CORE.0.S.B,HOCO.KLF1.H13CORE.0.P.B,HOCO.KLF10.H13CORE.0.P.C,HOCO.KLF11.H13CORE.0.P.B,HOCO.KLF12.H13CORE.0.P.C,HOCO.KLF12.H13CORE.1.PSM.A,HOCO.KLF13.H13CORE.0.PSM.A,HOCO.KLF13.H13CORE.1.P.C,HOCO.KLF14.H13CORE.0.PSM.A,HOCO.KLF15.H13CORE.0.S.B,HOCO.KLF16.H13CORE.0.SM.B,HOCO.KLF17.H13CORE.0.M.C,HOCO.KLF17.H13CORE.1.P.C,HOCO.KLF2.H13CORE.0.S.C,HOCO.KLF3.H13CORE.0.PS.A,HOCO.KLF4.H13CORE.0.PSM.A,HOCO.KLF5.H13CORE.0.PM.A,HOCO.KLF6.H13CORE.0.P.B,HOCO.KLF6.H13CORE.1.SM.B,HOCO.KLF7.H13CORE.0.P.B,HOCO.KLF8.H13CORE.0.P.C,HOCO.KLF8.H13CORE.1.P.C,HOCO.KLF9.H13CORE.0.P.B,HOCO.KLF9.H13CORE.1.P.B,HOCO.MAZ.H13CORE.0.P.B,HOCO.MAZ.H13CORE.1.P.B,HOCO.PATZ1.H13CORE.1.P.C,HOCO.SALL1.H13CORE.0.P.C,HOCO.SALL4.H13CORE.0.P.B,HOCO.SP1.H13CORE.0.P.B,HOCO.SP1.H13CORE.1.SM.B,HOCO.SP1.H13CORE.2.P.B,HOCO.SP2.H13CORE.0.P.D,HOCO.SP3.H13CORE.0.P.B,HOCO.SP3.H13CORE.1.S.B,HOCO.SP4.H13CORE.0.P.C,HOCO.SP4.H13CORE.1.S.B,HOCO.SP4.H13CORE.2.P.B,HOCO.SP5.H13CORE.0.P.B,HOCO.SP5.H13CORE.1.P.B,HOCO.SP8.H13CORE.0.SM.B,HOCO.SP9.H13CORE.1.S.C,HOCO.VEZF1.H13CORE.0.P.C,HOCO.ZBTB8A.H13CORE.0.PSGI.A
ARNT,ARNT2,BHE40,BHE41,BHLHE40,BHLHE41,BMAL1,CLOCK,HES1,HES2,HES5,HES6,HEY1,HEY2,MAX,MGAP,MITF,MLX,MLXIPL,MLXPL,MNT,MXI1,MYC,MYCN,SOHLH2,SREBF1,SREBF2,TFE3,TFEB,TFEC,USF1,USF2,USF3	83	CAP-SELX,CDBK,HOCO,JASP	pos	JASP.MA0058.1.MAX,JASP.MA0093.1.USF1,JASP.MA0526.1.USF2,JASP.MA0093.2.USF1,JASP.MA0636.1.BHLHE41,JASP.MA0649.1.HEY2,JASP.MA0663.1.MLX,JASP.MA0664.1.MLXIPL,JASP.MA0692.1.TFEB,JASP.MA0464.2.BHLHE40,JASP.MA0819.1.CLOCK,JASP.MA0823.1.HEY1,JASP.MA0058.3.MAX,JASP.MA0825.1.MNT,JASP.MA0828.1.SREBF2,JASP.MA0831.1.TFE3,JASP.MA0620.2.MITF,JASP.MA1108.1.MXI1,JASP.MA0147.3.MYC,JASP.MA0104.4.MYCN,JASP.MA0526.2.USF2,JASP.MA0831.2.TFE3,JASP.MA1464.1.ARNT2,JASP.MA1493.1.HES6,JASP.MA1560.1.SOHLH2,JASP.MA1099.2.HES1,JASP.MA0616.2.HES2,JASP.MA0871.2.TFEC,JASP.MA0620.3.MITF,JASP.MA0829.2.SREBF1,JASP.MA0093.3.USF1,JASP.MA0526.3.USF2,JASP.MA0526.4.USF2,JASP.MA0819.2.CLOCK,JASP.MA0821.2.HES5,JASP.MA0828.2.SREBF2,JASP.MA0831.3.TFE3,JASP.MA1464.2.ARNT2,JASP.MA0464.3.BHLHE40,JASP.MA0819.3.CLOCK,JASP.MA0828.3.SREBF2,JASP.MA0058.4.MAX,JASP.MA1099.3.HES1,JASP.MA0616.3.HES2,JASP.MA0649.2.HEY2,JASP.MA0147.4.MYC,JASP.MA0620.4.MITF,JASP.MA0664.2.MLXIPL,JASP.MA0825.2.MNT,JASP.MA0104.5.MYCN,JASP.MA1560.2.SOHLH2,JASP.MA0829.3.SREBF1,JASP.MA0692.2.TFEB,JASP.MA0871.3.TFEC,JASP.MA0093.4.USF1,JASP.MA0526.5.USF2,HOCO.ARNT2.H13CORE.2.S.C,HOCO.BHE40.H13CORE.0.PSM.A,HOCO.BHE40.H13CORE.1.S.C,HOCO.BHE41.H13CORE.0.PSM.A,HOCO.BMAL1.H13CORE.0.PSM.A,HOCO.CLOCK.H13CORE.1.PS.A,HOCO.HES2.H13CORE.0.S.C,HOCO.HES5.H13CORE.0.SM.B,HOCO.HEY1.H13CORE.0.S.B,HOCO.HEY2.H13CORE.0.S.B,HOCO.MAX.H13CORE.0.PS.A,HOCO.MGAP.H13CORE.0.P.C,HOCO.MLX.H13CORE.1.SM.B,HOCO.MLXPL.H13CORE.0.S.B,HOCO.MNT.H13CORE.0.PS.A,HOCO.MXI1.H13CORE.0.P.B,HOCO.MYC.H13CORE.0.P.B,HOCO.MYCN.H13CORE.0.PS.A,HOCO.TFE3.H13CORE.0.PSM.A,HOCO.TFEB.H13CORE.0.SM.B,HOCO.TFEC.H13CORE.0.M.B,HOCO.TFEC.H13CORE.1.SM.B,HOCO.USF1.H13CORE.0.PSM.A,HOCO.USF2.H13CORE.0.PSM.A,HOCO.USF3.H13CORE.0.PSGIB.A,CDBK.USF3.FL@HTS.LYS@TOP1,CAP-SELX.ARNT
ASCL1,ASCL2,ATOH1,ATOH8,BHA15,BHLHA15,BHLHA9,BHLHE22,FIGLA,HAND2,HEN1,HEN2,HTF4,ITF2,MSGN1,MYF5,MYF6,MYOD1,MYOG,NDF1,NDF2,NEUROD1,NEUROG2,NGN2,NHLH1,NHLH2,OLIG2,PTF1A,TAL1,TCF21,TCF3,TCF4,TFAP4,TFE2,TFEC,TWIST1,TWST1,TWST2,ZBT18,ZBT42,ZBTB18	69	CDBK,HOCO,JASP	pos	JASP.MA0048.1.NHLH1,JASP.MA0048.2.NHLH1,JASP.MA0691.1.TFAP4,JASP.MA0698.1.ZBTB18,JASP.MA0820.1.FIGLA,JASP.MA0522.2.TCF3,JASP.MA0830.1.TCF4,JASP.MA0871.1.TFEC,JASP.MA1100.1.ASCL1,JASP.MA1109.1.NEUROD1,JASP.MA1123.1.TWIST1,JASP.MA1467.1.ATOH1,JASP.MA1472.1.BHLHA15,JASP.MA1524.1.MSGN1,JASP.MA1529.1.NHLH2,JASP.MA1570.1.TFAP4,JASP.MA1100.2.ASCL1,JASP.MA1635.1.BHLHE22,JASP.MA1638.1.HAND2,JASP.MA1641.1.MYF5,JASP.MA1642.1.NEUROG2,JASP.MA0499.2.MYOD1,JASP.MA0500.2.MYOG,JASP.MA1123.2.TWIST1,JASP.MA1100.3.ASCL1,JASP.MA1635.2.BHLHE22,JASP.MA0820.2.FIGLA,JASP.MA0048.3.NHLH1,JASP.MA1638.2.HAND2,JASP.MA1641.2.MYF5,JASP.MA0499.3.MYOD1,JASP.MA0500.3.MYOG,JASP.MA1109.2.NEUROD1,JASP.MA1642.2.NEUROG2,JASP.MA1529.2.NHLH2,JASP.MA1123.3.TWIST1,JASP.MA0698.2.ZBTB18,HOCO.ASCL1.H13CORE.0.PSM.A,HOCO.ASCL2.H13CORE.0.PSM.A,HOCO.ATOH1.H13CORE.0.P.B,HOCO.ATOH8.H13CORE.0.P.C,HOCO.BHA15.H13CORE.0.P.B,HOCO.BHLHA9.H13CORE.0.P.B,HOCO.FIGLA.H13CORE.0.SM.B,HOCO.HEN1.H13CORE.0.S.B,HOCO.HEN2.H13CORE.0.SM.B,HOCO.HTF4.H13CORE.0.PSM.A,HOCO.ITF2.H13CORE.0.S.B,HOCO.MYF5.H13CORE.0.P.B,HOCO.MYF6.H13CORE.0.SM.B,HOCO.MYOD1.H13CORE.0.P.B,HOCO.MYOD1.H13CORE.1.PSM.A,HOCO.NDF1.H13CORE.0.P.B,HOCO.NDF2.H13CORE.0.P.B,HOCO.NGN2.H13CORE.0.P.B,HOCO.OLIG2.H13CORE.0.P.B,HOCO.OLIG2.H13CORE.1.P.B,HOCO.PTF1A.H13CORE.0.P.B,HOCO.PTF1A.H13CORE.1.PS.A,HOCO.TAL1.H13CORE.2.P.B,HOCO.TCF21.H13CORE.0.PS.A,HOCO.TFE2.H13CORE.0.PS.A,HOCO.TWST1.H13CORE.1.P.B,HOCO.TWST2.H13CORE.0.P.B,HOCO.TWST2.H13CORE.1.P.B,HOCO.ZBT18.H13CORE.0.PSM.A,HOCO.ZBT42.H13CORE.0.P.C,CDBK.BHLHA9.FL@CHS@TOP1,CDBK.MYF6.NA@HTS.LYS@TOP1
FOXA1,FOXA2,FOXA3,FOXC1,FOXC2,FOXD1,FOXD2,FOXD3,FOXE1,FOXF1,FOXF2,FOXG1,FOXI1,FOXJ2,FOXJ3,FOXK1,FOXK2,FOXL1,FOXL2,FOXM1,FOXN3,FOXO1,FOXO3,FOXO4,FOXO6,FOXP1,FOXP2,FOXP3,FOXP4,FOXS1	66	CAP-SELX,HOCO,JASP	pos	JASP.MA0030.1.FOXF2,JASP.MA0031.1.FOXD1,JASP.MA0148.1.FOXA1,JASP.MA0157.1.FOXO3,JASP.MA0148.2.FOXA1,JASP.MA0481.1.FOXP1,JASP.MA0148.3.FOXA1,JASP.MA0593.1.FOXP2,JASP.MA0613.1.FOXG1,JASP.MA0042.2.FOXI1,JASP.MA0033.2.FOXL1,JASP.MA0157.2.FOXO3,JASP.MA0032.2.FOXC1,JASP.MA0846.1.FOXC2,JASP.MA0847.1.FOXD2,JASP.MA0848.1.FOXO4,JASP.MA0849.1.FOXO6,JASP.MA0850.1.FOXP3,JASP.MA0852.2.FOXK1,JASP.MA1103.1.FOXK2,JASP.MA0481.2.FOXP1,JASP.MA1489.1.FOXN3,JASP.MA0847.2.FOXD2,JASP.MA1683.1.FOXA3,JASP.MA0148.4.FOXA1,JASP.MA0047.3.FOXA2,JASP.MA1103.2.FOXK2,JASP.MA0481.3.FOXP1,JASP.MA2117.1.FOXP4,JASP.MA2118.1.FOXS1,JASP.MA0148.5.FOXA1,JASP.MA0047.4.FOXA2,JASP.MA1683.2.FOXA3,JASP.MA0846.2.FOXC2,JASP.MA0031.2.FOXD1,JASP.MA0030.2.FOXF2,JASP.MA0852.3.FOXK1,JASP.MA1103.3.FOXK2,JASP.MA0481.4.FOXP1,JASP.MA0593.2.FOXP2,HOCO.FOXA1.H13CORE.0.P.B,HOCO.FOXA1.H13CORE.1.S.C,HOCO.FOXA2.H13CORE.0.PSM.A,HOCO.FOXA3.H13CORE.0.PS.A,HOCO.FOXC1.H13CORE.1.S.C,HOCO.FOXC2.H13CORE.0.SM.B,HOCO.FOXD3.H13CORE.0.P.C,HOCO.FOXE1.H13CORE.1.S.C,HOCO.FOXF1.H13CORE.0.P.C,HOCO.FOXG1.H13CORE.0.PSM.A,HOCO.FOXI1.H13CORE.0.SM.B,HOCO.FOXJ2.H13CORE.0.PSM.A,HOCO.FOXJ2.H13CORE.2.S.B,HOCO.FOXJ3.H13CORE.0.SM.B,HOCO.FOXK1.H13CORE.0.PS.A,HOCO.FOXK2.H13CORE.0.P.B,HOCO.FOXL2.H13CORE.0.PSM.A,HOCO.FOXM1.H13CORE.0.P.B,HOCO.FOXO1.H13CORE.0.PS.A,HOCO.FOXO3.H13CORE.0.PS.A,HOCO.FOXO4.H13CORE.0.SM.B,HOCO.FOXO6.H13CORE.0.S.B,HOCO.FOXP1.H13CORE.0.PS.A,HOCO.FOXP2.H13CORE.0.P.B,HOCO.FOXP3.H13CORE.0.P.B,CAP-SELX.FOXP2
BCL11A,COT1,COT2,ESR1,ESR2,NR1D1,NR1D2,NR1H2,NR1H3,NR1H4,NR2C1,NR2C2,NR2F1,NR2F2,NR2F6,NR4A2,RARA,RARB,RARG,RORA,RORB,RORC,RORG,RXRA,RXRB,RXRG,THA,THB	58	CDBK,HOCO,JASP	pos	JASP.MA0071.1.RORA,JASP.MA0072.1.RORA,JASP.MA0160.1.NR4A2,JASP.MA0017.2.NR2F1,JASP.MA1111.1.NR2F2,JASP.MA1150.1.RORB,JASP.MA1151.1.RORC,JASP.MA1535.1.NR2C1,JASP.MA1536.1.NR2C2,JASP.MA2324.1.BCL11A,JASP.MA1535.2.NR2C1,JASP.MA1536.2.NR2C2,JASP.MA0017.3.NR2F1,JASP.MA1111.2.NR2F2,JASP.MA0072.2.RORA,JASP.MA1150.2.RORB,JASP.MA1151.2.RORC,HOCO.COT1.H13CORE.0.PSM.A,HOCO.COT2.H13CORE.0.P.B,HOCO.COT2.H13CORE.1.P.B,HOCO.ESR1.H13CORE.1.P.B,HOCO.ESR2.H13CORE.1.P.B,HOCO.NR1D1.H13CORE.0.P.B,HOCO.NR1D2.H13CORE.0.P.B,HOCO.NR1H2.H13CORE.0.P.C,HOCO.NR1H3.H13CORE.1.P.B,HOCO.NR1H4.H13CORE.2.P.B,HOCO.NR2C1.H13CORE.0.S.C,HOCO.NR2C1.H13CORE.1.PM.A,HOCO.NR2C2.H13CORE.0.SM.B,HOCO.NR2F6.H13CORE.0.P.C,HOCO.NR2F6.H13CORE.1.PSM.A,HOCO.NR2F6.H13CORE.3.SM.B,HOCO.RARA.H13CORE.0.PSM.A,HOCO.RARA.H13CORE.2.P.B,HOCO.RARA.H13CORE.3.P.B,HOCO.RARB.H13CORE.0.SM.B,HOCO.RARB.H13CORE.1.P.B,HOCO.RARG.H13CORE.0.P.B,HOCO.RARG.H13CORE.1.PSM.A,HOCO.RARG.H13CORE.2.SM.B,HOCO.RARG.H13CORE.3.S.B,HOCO.RORA.H13CORE.0.P.C,HOCO.RORB.H13CORE.0.SM.B,HOCO.RORG.H13CORE.1.PS.A,HOCO.RXRA.H13CORE.0.PS.A,HOCO.RXRA.H13CORE.1.S.C,HOCO.RXRA.H13CORE.3.P.B,HOCO.RXRB.H13CORE.0.P.C,HOCO.RXRB.H13CORE.2.PS.A,HOCO.RXRG.H13CORE.0.P.B,HOCO.RXRG.H13CORE.2.P.B,HOCO.THA.H13CORE.1.PS.A,HOCO.THA.H13CORE.2.S.B,HOCO.THB.H13CORE.1.PSM.A,HOCO.THB.H13CORE.3.S.C,CDBK.NR1H4.NA@HTS.LYS@TOP1,CDBK.RORB.NA@HTS.LYS@TOP1
SOX10,SOX11,SOX12,SOX13,SOX14,SOX15,SOX17,SOX18,SOX2,SOX3,SOX30,SOX4,SOX5,SOX6,SOX7,SOX8,SOX9,SRY	46	CDBK,HOCO,JASP	pos	JASP.MA0077.1.SOX9,JASP.MA0084.1.SRY,JASP.MA0442.1.SOX10,JASP.MA0442.2.SOX10,JASP.MA1120.1.SOX13,JASP.MA1152.1.SOX15,JASP.MA1562.1.SOX14,JASP.MA0867.2.SOX4,JASP.MA0868.2.SOX8,JASP.MA0143.4.SOX2,JASP.MA1563.2.SOX18,JASP.MA0143.5.SOX2,JASP.MA0442.3.SOX10,JASP.MA1120.2.SOX13,JASP.MA1562.2.SOX14,JASP.MA1152.2.SOX15,JASP.MA0867.3.SOX4,JASP.MA0868.3.SOX8,JASP.MA0077.2.SOX9,JASP.MA0084.2.SRY,HOCO.SOX10.H13CORE.0.PSM.A,HOCO.SOX10.H13CORE.1.PSM.A,HOCO.SOX11.H13CORE.0.P.B,HOCO.SOX12.H13CORE.0.SM.B,HOCO.SOX13.H13CORE.0.P.B,HOCO.SOX15.H13CORE.0.P.B,HOCO.SOX17.H13CORE.0.PS.A,HOCO.SOX17.H13CORE.1.P.B,HOCO.SOX18.H13CORE.0.SM.B,HOCO.SOX2.H13CORE.0.P.B,HOCO.SOX2.H13CORE.1.P.B,HOCO.SOX3.H13CORE.0.PM.A,HOCO.SOX3.H13CORE.1.S.C,HOCO.SOX30.H13CORE.1.SM.B,HOCO.SOX4.H13CORE.0.PSM.A,HOCO.SOX5.H13CORE.0.P.B,HOCO.SOX6.H13CORE.0.P.B,HOCO.SOX7.H13CORE.0.PS.A,HOCO.SOX8.H13CORE.0.PSM.A,HOCO.SOX8.H13CORE.1.PS.A,HOCO.SOX9.H13CORE.0.PS.A,HOCO.SOX9.H13CORE.1.PS.A,CDBK.SOX15.NA@HTS.LYS@TOP1,CDBK.SOX2.NA@HTS.LYS@TOP1,CDBK.SOX5.NA@PBM.ME@TOP1,CDBK.SRY.NA@HTS.IVT@TOP1
ATF3,BACH1,BACH2,BATF,BATF3,BNC2,FOS,FOSB,FOSL1,FOSL2,JDP2,JUN,JUNB,JUND,MAFK,NFE2	45	CDBK,HOCO,JASP	pos	JASP.MA0476.1.FOS,JASP.MA0477.1.FOSL1,JASP.MA0478.1.FOSL2,JASP.MA0489.1.JUN,JASP.MA0490.1.JUNB,JASP.MA0491.1.JUND,JASP.MA0655.1.JDP2,JASP.MA0841.1.NFE2,JASP.MA1101.1.BACH2,JASP.MA1101.2.BACH2,JASP.MA1633.1.BACH1,JASP.MA1634.1.BATF,JASP.MA0835.2.BATF3,JASP.MA0477.2.FOSL1,JASP.MA0490.2.JUNB,JASP.MA0491.2.JUND,JASP.MA0496.3.MAFK,JASP.MA1928.1.BNC2,JASP.MA1633.2.BACH1,JASP.MA0496.4.MAFK,JASP.MA1101.3.BACH2,JASP.MA1634.2.BATF,JASP.MA0835.3.BATF3,JASP.MA1928.2.BNC2,JASP.MA0476.2.FOS,JASP.MA0490.3.JUNB,JASP.MA0491.3.JUND,JASP.MA0477.3.FOSL1,JASP.MA0478.2.FOSL2,JASP.MA0841.2.NFE2,HOCO.ATF3.H13CORE.0.P.B,HOCO.BACH2.H13CORE.0.P.B,HOCO.BACH2.H13CORE.1.SM.B,HOCO.BATF.H13CORE.1.P.B,HOCO.BATF3.H13CORE.0.P.B,HOCO.BATF3.H13CORE.1.P.B,HOCO.FOS.H13CORE.0.P.B,HOCO.FOSB.H13CORE.0.P.B,HOCO.FOSL1.H13CORE.0.P.B,HOCO.FOSL2.H13CORE.0.P.B,HOCO.JUN.H13CORE.0.P.B,HOCO.JUNB.H13CORE.0.PM.A,HOCO.JUND.H13CORE.0.PM.A,HOCO.NFE2.H13CORE.1.SM.B,CDBK.JUNB.NA@CHS@TOP1
CDX1,CDX4,HOXB9,HOXC10,HOXC11,HOXC12,HOXC13,HOXC9,HOXD10,HOXD11,HOXD12,HXA10,HXA11,HXA13,HXA9,HXB13,HXB9,HXC10,HXC11,HXC12,HXC13,HXC9,HXD10,HXD11,HXD12,HXD13,HXD9,ZNF703	43	HOCO,JASP	pos	JASP.MA0651.1.HOXC11,JASP.MA0873.1.HOXD12,JASP.MA0905.1.HOXC10,JASP.MA0906.1.HOXC12,JASP.MA0907.1.HOXC13,JASP.MA0908.1.HOXD11,JASP.MA1503.1.HOXB9,JASP.MA1506.1.HOXD10,JASP.MA0485.2.HOXC9,JASP.MA0651.2.HOXC11,JASP.MA1503.2.HOXB9,JASP.MA0905.2.HOXC10,JASP.MA0651.3.HOXC11,JASP.MA0906.2.HOXC12,JASP.MA0907.2.HOXC13,JASP.MA0485.3.HOXC9,JASP.MA1506.2.HOXD10,JASP.MA0908.2.HOXD11,JASP.MA0873.2.HOXD12,HOCO.CDX1.H13CORE.0.M.B,HOCO.CDX4.H13CORE.1.M.C,HOCO.HXA10.H13CORE.0.S.B,HOCO.HXA10.H13CORE.1.M.B,HOCO.HXA11.H13CORE.1.SM.B,HOCO.HXA13.H13CORE.1.SM.B,HOCO.HXA9.H13CORE.1.SM.B,HOCO.HXB13.H13CORE.1.SM.B,HOCO.HXB9.H13CORE.0.S.C,HOCO.HXB9.H13CORE.1.M.C,HOCO.HXC10.H13CORE.1.S.B,HOCO.HXC10.H13CORE.2.SM.B,HOCO.HXC11.H13CORE.0.SM.B,HOCO.HXC11.H13CORE.1.S.B,HOCO.HXC12.H13CORE.0.SM.B,HOCO.HXC13.H13CORE.0.SM.B,HOCO.HXC9.H13CORE.1.S.C,HOCO.HXC9.H13CORE.2.M.C,HOCO.HXD10.H13CORE.0.SM.B,HOCO.HXD11.H13CORE.1.SM.B,HOCO.HXD12.H13CORE.0.SM.B,HOCO.HXD13.H13CORE.1.SM.B,HOCO.HXD9.H13CORE.0.SM.B,HOCO.ZNF703.H13CORE.0.P.C
EOMES,MGA,TBR1,TBX1,TBX15,TBX18,TBX19,TBX2,TBX20,TBX21,TBX3,TBX4,TBX5,TBX6,TBXT,ZNF18,ZSCAN4	41	CDBK,HOCO,JASP	pos	JASP.MA0688.1.TBX2,JASP.MA0689.1.TBX20,JASP.MA0690.1.TBX21,JASP.MA0800.1.EOMES,JASP.MA0801.1.MGA,JASP.MA0802.1.TBR1,JASP.MA0803.1.TBX15,JASP.MA0805.1.TBX1,JASP.MA0806.1.TBX4,JASP.MA0807.1.TBX5,JASP.MA1565.1.TBX18,JASP.MA1566.1.TBX3,JASP.MA1567.1.TBX6,JASP.MA0690.2.TBX21,JASP.MA1566.2.TBX3,JASP.MA0690.3.TBX21,JASP.MA0800.2.EOMES,JASP.MA1566.3.TBX3,JASP.MA0802.2.TBR1,JASP.MA1565.2.TBX18,JASP.MA0688.2.TBX2,HOCO.EOMES.H13CORE.0.PSM.A,HOCO.TBR1.H13CORE.0.PS.A,HOCO.TBX1.H13CORE.0.S.B,HOCO.TBX15.H13CORE.0.SM.B,HOCO.TBX18.H13CORE.0.M.C,HOCO.TBX19.H13CORE.1.SM.B,HOCO.TBX2.H13CORE.0.SM.B,HOCO.TBX20.H13CORE.1.M.C,HOCO.TBX20.H13CORE.2.SM.B,HOCO.TBX21.H13CORE.0.PSM.A,HOCO.TBX3.H13CORE.0.PSM.A,HOCO.TBX4.H13CORE.1.S.B,HOCO.TBX5.H13CORE.0.PS.A,HOCO.TBX5.H13CORE.2.S.B,HOCO.TBX6.H13CORE.0.PSM.A,HOCO.TBXT.H13CORE.1.PSM.A,HOCO.ZNF18.H13CORE.0.P.B,CDBK.MGA.FL@AFS.LYS@TOP1,CDBK.ZNF18.FL@CHS@TOP1,CDBK.ZSCAN4.NA@HTS.IVT@TOP1
ATF2,ATF3,ATF4,ATF6A,ATF7,BACH2,BATF2,BATF3,CREB1,CREB3L4,CREB5,CREM,FOS,FOSB,JDP2,JUN,JUNB,JUND	41	HOCO,JASP	pos	JASP.MA0488.1.JUN,JASP.MA0492.1.JUND,JASP.MA0656.1.JDP2,JASP.MA0834.1.ATF7,JASP.MA0018.3.CREB1,JASP.MA1140.1.JUNB,JASP.MA1470.1.BACH2,JASP.MA1475.1.CREB3L4,JASP.MA0605.2.ATF3,JASP.MA1140.2.JUNB,JASP.MA1632.1.ATF2,JASP.MA0018.4.CREB1,JASP.MA0609.2.CREM,JASP.MA1951.1.FOS,JASP.MA1632.2.ATF2,JASP.MA0605.3.ATF3,JASP.MA0834.2.ATF7,JASP.MA1470.2.BACH2,JASP.MA0488.2.JUN,JASP.MA0018.5.CREB1,JASP.MA1475.2.CREB3L4,JASP.MA0609.3.CREM,JASP.MA1951.2.FOS,JASP.MA1140.3.JUNB,JASP.MA0492.2.JUND,JASP.MA0656.2.JDP2,HOCO.ATF2.H13CORE.0.PSM.A,HOCO.ATF2.H13CORE.1.P.B,HOCO.ATF3.H13CORE.2.P.B,HOCO.ATF3.H13CORE.3.SM.B,HOCO.ATF4.H13CORE.2.SM.B,HOCO.ATF6A.H13CORE.0.SM.B,HOCO.ATF7.H13CORE.0.PSM.A,HOCO.BATF2.H13CORE.0.PSG.A,HOCO.BATF3.H13CORE.2.SM.B,HOCO.CREB5.H13CORE.0.P.B,HOCO.CREB5.H13CORE.1.SM.B,HOCO.FOS.H13CORE.2.S.C,HOCO.FOSB.H13CORE.2.M.C,HOCO.JUN.H13CORE.1.S.C,HOCO.JUNB.H13CORE.1.S.C
CRX,DMBX1,DPRX,GSC,GSC2,LEUTX,OTX1,OTX2,PITX1,PITX2,PITX3,RHXF2,TPRX1	31	CDBK,HOCO,JASP	pos	JASP.MA0648.1.GSC,JASP.MA0711.1.OTX1,JASP.MA0712.1.OTX2,JASP.MA0714.1.PITX3,JASP.MA0891.1.GSC2,JASP.MA1547.1.PITX2,JASP.MA0682.2.PITX1,JASP.MA0712.2.OTX2,JASP.MA1547.2.PITX2,JASP.MA0682.3.PITX1,JASP.MA0648.2.GSC,JASP.MA0891.2.GSC2,JASP.MA0711.2.OTX1,JASP.MA0712.3.OTX2,JASP.MA0714.2.PITX3,HOCO.CRX.H13CORE.0.PSM.A,HOCO.DMBX1.H13CORE.0.SM.B,HOCO.DPRX.H13CORE.0.SM.B,HOCO.GSC.H13CORE.0.SM.B,HOCO.LEUTX.H13CORE.0.PSGB.A,HOCO.OTX1.H13CORE.0.SM.B,HOCO.OTX1.H13CORE.1.S.B,HOCO.OTX2.H13CORE.0.PSM.A,HOCO.PITX1.H13CORE.0.PSM.A,HOCO.PITX1.H13CORE.1.S.B,HOCO.PITX2.H13CORE.0.SM.B,HOCO.PITX3.H13CORE.0.SM.B,HOCO.PITX3.H13CORE.1.S.B,HOCO.RHXF2.H13CORE.0.SM.B,HOCO.TPRX1.H13CORE.0.PSGIB.A,CDBK.LEUTX.FL@HTS.GFPIVT@TOP1
ARI1A,CDX1,CDX2,CDX4,CPEB1,HOXA10,HOXA13,HOXB13,HOXD13,HOXD9,HXA11,HXA13,HXA9,HXB13,HXD11,HXD13,ZNF703	31	CDBK,HOCO,JASP	pos	JASP.MA0465.1.CDX2,JASP.MA0650.1.HOXA13,JASP.MA0878.1.CDX1,JASP.MA0899.1.HOXA10,JASP.MA0901.1.HOXB13,JASP.MA0909.1.HOXD13,JASP.MA1473.1.CDX4,JASP.MA0878.2.CDX1,JASP.MA0650.2.HOXA13,JASP.MA0913.2.HOXD9,JASP.MA0465.2.CDX2,JASP.MA0901.2.HOXB13,JASP.MA0878.3.CDX1,JASP.MA0465.3.CDX2,JASP.MA1473.2.CDX4,JASP.MA0901.3.HOXB13,JASP.MA0899.2.HOXA10,JASP.MA0913.3.HOXD9,HOCO.ARI1A.H13CORE.0.P.C,HOCO.CDX1.H13CORE.1.S.B,HOCO.CDX2.H13CORE.0.PS.A,HOCO.CDX4.H13CORE.0.S.C,HOCO.CPEB1.H13CORE.0.S.B,HOCO.CPEB1.H13CORE.1.S.B,HOCO.HXA11.H13CORE.0.PS.A,HOCO.HXA13.H13CORE.0.P.B,HOCO.HXA9.H13CORE.2.P.B,HOCO.HXB13.H13CORE.0.PS.A,HOCO.HXD11.H13CORE.0.PS.A,HOCO.HXD13.H13CORE.0.PS.A,CDBK.ZNF703.FL@CHS@TOP1
P5F1B,PO2F1,PO2F2,PO3F1,PO3F2,PO3F3,PO3F4,PO5F1,POU1F1,POU2F1,POU2F2,POU2F3,POU3F1,POU3F2,POU3F3,POU3F4,POU5F1,POU5F1B,VENTX	30	CDBK,HOCO,JASP	pos	JASP.MA0507.1.POU2F2,JASP.MA0784.1.POU1F1,JASP.MA0785.1.POU2F1,JASP.MA0786.1.POU3F1,JASP.MA0787.1.POU3F2,JASP.MA0788.1.POU3F3,JASP.MA0789.1.POU3F4,JASP.MA0792.1.POU5F1B,JASP.MA1115.1.POU5F1,JASP.MA0627.2.POU2F3,JASP.MA0507.2.POU2F2,JASP.MA0784.2.POU1F1,JASP.MA0784.3.POU1F1,JASP.MA0785.2.POU2F1,JASP.MA0507.3.POU2F2,JASP.MA0627.3.POU2F3,JASP.MA0786.2.POU3F1,JASP.MA1115.2.POU5F1,HOCO.P5F1B.H13CORE.0.S.B,HOCO.PO2F1.H13CORE.0.PS.A,HOCO.PO2F2.H13CORE.0.PSM.A,HOCO.PO3F1.H13CORE.0.P.B,HOCO.PO3F1.H13CORE.3.M.C,HOCO.PO3F2.H13CORE.2.SM.B,HOCO.PO3F3.H13CORE.0.P.C,HOCO.PO3F4.H13CORE.0.SM.B,HOCO.PO5F1.H13CORE.1.P.B,HOCO.PO5F1.H13CORE.2.SM.B,HOCO.VENTX.H13CORE.1.S.C,CDBK.POU5F1.FL@AFS.GFPIVT@TOP1
GATA1,GATA2,GATA3,GATA4,GATA5,GATA6,GATAD2A,TAL1,TRPS1,ZFPM1	29	CDBK,HOCO,JASP	pos	JASP.MA0036.2.GATA2,JASP.MA0037.2.GATA3,JASP.MA0766.1.GATA5,JASP.MA0036.3.GATA2,JASP.MA1104.1.GATA6,JASP.MA0037.3.GATA3,JASP.MA0766.2.GATA5,JASP.MA0482.2.GATA4,JASP.MA1104.2.GATA6,JASP.MA1970.1.TRPS1,JASP.MA0036.4.GATA2,JASP.MA0482.3.GATA4,JASP.MA0766.3.GATA5,JASP.MA1104.3.GATA6,JASP.MA1970.2.TRPS1,HOCO.GATA1.H13CORE.0.P.B,HOCO.GATA1.H13CORE.1.PSM.A,HOCO.GATA2.H13CORE.0.PSM.A,HOCO.GATA2.H13CORE.1.P.B,HOCO.GATA3.H13CORE.0.PS.A,HOCO.GATA3.H13CORE.1.SM.B,HOCO.GATA4.H13CORE.0.PSM.A,HOCO.GATA5.H13CORE.0.SM.B,HOCO.GATA6.H13CORE.0.PSM.A,HOCO.GATAD2A.H13CORE.0.SG.A,HOCO.TAL1.H13CORE.0.P.B,HOCO.ZFPM1.H13CORE.0.I.C,CDBK.GATAD2A.DBD@AFS.GFPIVT@TOP1,CDBK.ZFPM1.DBD@SMS@TOP1
ASCL1,HAND2,ITF2,PRD13,PRDM13,SNAI1,SNAI2,SNAI3,TCF12,TCF3,TCF4,ZEB1,ZEB2	29	CDBK,HOCO,JASP	pos	JASP.MA0103.2.ZEB1,JASP.MA0745.1.SNAI2,JASP.MA0103.3.ZEB1,JASP.MA1558.1.SNAI1,JASP.MA1559.1.SNAI3,JASP.MA1631.1.ASCL1,JASP.MA1648.1.TCF12,JASP.MA0745.2.SNAI2,JASP.MA0522.3.TCF3,JASP.MA0830.2.TCF4,JASP.MA1631.2.ASCL1,JASP.MA0522.4.TCF3,JASP.MA1558.2.SNAI1,JASP.MA0745.3.SNAI2,JASP.MA1559.2.SNAI3,JASP.MA1648.2.TCF12,JASP.MA0830.3.TCF4,JASP.MA0103.4.ZEB1,HOCO.HAND2.H13CORE.2.S.C,HOCO.ITF2.H13CORE.1.PSM.A,HOCO.PRD13.H13CORE.0.P.B,HOCO.PRDM13.H13CORE.0.PSGI.A,HOCO.SNAI1.H13CORE.0.PSM.A,HOCO.SNAI2.H13CORE.0.PSM.A,HOCO.SNAI3.H13CORE.0.S.C,HOCO.ZEB1.H13CORE.0.P.B,HOCO.ZEB2.H13CORE.0.P.B,CDBK.PRDM13.FL@AFS.LYS@TOP1,CDBK.SNAI1.DBD@HTS.IVT@TOP1
ATOH1,ATOH7,BHA15,BHE22,BHE23,BHLHA15,BHLHE22,BHLHE23,MESP2,MSGN1,MUSC,NDF1,NDF2,NEUROD2,NEUROG1,NEUROG2,NGN1,NGN2,OLIG1,OLIG2,OLIG3,TCF21	29	HOCO,JASP	pos	JASP.MA0668.1.NEUROD2,JASP.MA0669.1.NEUROG2,JASP.MA0678.1.OLIG2,JASP.MA0817.1.BHLHE23,JASP.MA0818.1.BHLHE22,JASP.MA0826.1.OLIG1,JASP.MA0827.1.OLIG3,JASP.MA1468.1.ATOH7,JASP.MA1568.1.TCF21,JASP.MA0623.2.NEUROG1,JASP.MA0607.2.BHLHA15,JASP.MA0818.2.BHLHE22,JASP.MA0817.2.BHLHE23,JASP.MA1568.2.TCF21,HOCO.ATOH1.H13CORE.1.SM.B,HOCO.BHA15.H13CORE.1.SM.B,HOCO.BHE22.H13CORE.0.SM.B,HOCO.BHE23.H13CORE.0.SM.B,HOCO.MESP2.H13CORE.0.S.C,HOCO.MSGN1.H13CORE.0.PSM.A,HOCO.MUSC.H13CORE.0.SM.B,HOCO.NDF1.H13CORE.1.S.C,HOCO.NDF2.H13CORE.1.S.B,HOCO.NGN1.H13CORE.0.SM.B,HOCO.NGN2.H13CORE.1.SM.B,HOCO.OLIG1.H13CORE.0.S.B,HOCO.OLIG2.H13CORE.2.SM.B,HOCO.OLIG3.H13CORE.0.SM.B,HOCO.TCF21.H13CORE.1.SM.B
CUX1,CUX2,HNF6,ONEC2,ONEC3,ONECUT1,ONECUT2,ONECUT3,ZBTB17	28	HOCO,JASP	pos	JASP.MA0679.1.ONECUT1,JASP.MA0754.1.CUX1,JASP.MA0755.1.CUX2,JASP.MA0756.1.ONECUT2,JASP.MA0757.1.ONECUT3,JASP.MA0679.2.ONECUT1,JASP.MA2102.1.ZBTB17,JASP.MA0754.2.CUX1,JASP.MA0756.2.ONECUT2,JASP.MA0754.3.CUX1,JASP.MA0755.2.CUX2,JASP.MA0756.3.ONECUT2,JASP.MA0679.3.ONECUT1,JASP.MA0757.2.ONECUT3,HOCO.CUX1.H13CORE.0.PM.A,HOCO.CUX1.H13CORE.1.S.B,HOCO.CUX2.H13CORE.0.P.C,HOCO.CUX2.H13CORE.1.SM.B,HOCO.HNF6.H13CORE.0.PM.A,HOCO.HNF6.H13CORE.1.S.B,HOCO.HNF6.H13CORE.2.S.B,HOCO.HNF6.H13CORE.3.M.B,HOCO.ONEC2.H13CORE.0.S.B,HOCO.ONEC2.H13CORE.1.PM.A,HOCO.ONEC2.H13CORE.2.S.B,HOCO.ONEC3.H13CORE.0.S.B,HOCO.ONEC3.H13CORE.1.S.C,HOCO.ONEC3.H13CORE.2.M.C
MEIS1,MEIS2,MEIS3,PBX1,PBX2,PKNX1,PKNX2,TF2LX,TF2LY,TGIF1,TGIF2	24	HOCO,JASP	pos	JASP.MA0498.2.MEIS1,JASP.MA0774.1.MEIS2,JASP.MA0775.1.MEIS3,JASP.MA0498.3.MEIS1,JASP.MA0775.2.MEIS3,HOCO.MEIS1.H13CORE.1.PS.A,HOCO.MEIS2.H13CORE.1.PSM.A,HOCO.MEIS2.H13CORE.2.SM.B,HOCO.MEIS3.H13CORE.0.SM.B,HOCO.MEIS3.H13CORE.1.S.B,HOCO.PBX1.H13CORE.2.P.B,HOCO.PBX2.H13CORE.2.P.C,HOCO.PKNX1.H13CORE.2.SM.B,HOCO.PKNX1.H13CORE.3.SM.B,HOCO.PKNX2.H13CORE.0.SM.B,HOCO.PKNX2.H13CORE.1.SM.B,HOCO.TF2LX.H13CORE.0.SM.B,HOCO.TF2LX.H13CORE.1.SM.B,HOCO.TF2LY.H13CORE.0.SM.B,HOCO.TF2LY.H13CORE.1.SM.B,HOCO.TGIF1.H13CORE.0.PSM.A,HOCO.TGIF1.H13CORE.1.S.B,HOCO.TGIF2.H13CORE.0.S.B,HOCO.TGIF2.H13CORE.1.PSM.A
ETV7,NFAC1,NFAC2,NFAC3,NFAC4,NFAT5,NFATC2,NFATC3,NFATC4,SPI1,SPIB	24	HOCO,JASP	pos	JASP.MA0080.1.SPI1,JASP.MA0081.1.SPIB,JASP.MA0152.1.NFATC2,JASP.MA0625.1.NFATC3,JASP.MA1525.1.NFATC4,JASP.MA0625.2.NFATC3,JASP.MA1525.2.NFATC4,JASP.MA0625.3.NFATC3,JASP.MA1525.3.NFATC4,HOCO.ETV7.H13CORE.1.P.C,HOCO.NFAC1.H13CORE.0.P.B,HOCO.NFAC1.H13CORE.1.PS.A,HOCO.NFAC1.H13CORE.2.SM.B,HOCO.NFAC1.H13CORE.3.SM.B,HOCO.NFAC2.H13CORE.0.P.B,HOCO.NFAC2.H13CORE.1.PS.A,HOCO.NFAC2.H13CORE.2.S.C,HOCO.NFAC2.H13CORE.3.M.C,HOCO.NFAC2.H13CORE.4.M.B,HOCO.NFAC3.H13CORE.0.SM.B,HOCO.NFAC3.H13CORE.1.P.C,HOCO.NFAC4.H13CORE.0.P.C,HOCO.NFAC4.H13CORE.1.SM.B,HOCO.NFAT5.H13CORE.0.SM.B
CEBPA,CEBPB,CEBPD,CEBPE,CEBPG,HLF	24	HOCO,JASP	pos	JASP.MA0043.1.HLF,JASP.MA0466.1.CEBPB,JASP.MA0102.3.CEBPA,JASP.MA0466.2.CEBPB,JASP.MA0836.1.CEBPD,JASP.MA0837.1.CEBPE,JASP.MA0838.1.CEBPG,JASP.MA0102.4.CEBPA,JASP.MA0836.2.CEBPD,JASP.MA0466.3.CEBPB,JASP.MA0837.2.CEBPE,JASP.MA0102.5.CEBPA,JASP.MA0466.4.CEBPB,JASP.MA0836.3.CEBPD,JASP.MA0837.3.CEBPE,HOCO.CEBPA.H13CORE.0.P.B,HOCO.CEBPB.H13CORE.0.P.B,HOCO.CEBPB.H13CORE.1.SM.B,HOCO.CEBPD.H13CORE.0.P.B,HOCO.CEBPD.H13CORE.1.SM.B,HOCO.CEBPE.H13CORE.0.P.B,HOCO.CEBPE.H13CORE.1.SM.B,HOCO.CEBPG.H13CORE.0.P.B,HOCO.CEBPG.H13CORE.1.SM.B
IRF1,IRF2,IRF3,IRF4,IRF7,IRF8,IRF9,STAT1,STAT2	23	HOCO,JASP	pos	JASP.MA0050.1.IRF1,JASP.MA0051.1.IRF2,JASP.MA0137.1.STAT1,JASP.MA0050.2.IRF1,JASP.MA0652.1.IRF8,JASP.MA0653.1.IRF9,JASP.MA0772.1.IRF7,JASP.MA1418.1.IRF3,JASP.MA1419.1.IRF4,JASP.MA0051.2.IRF2,JASP.MA1418.2.IRF3,JASP.MA1419.2.IRF4,JASP.MA0772.2.IRF7,JASP.MA0652.2.IRF8,HOCO.IRF1.H13CORE.0.P.B,HOCO.IRF2.H13CORE.0.PSM.A,HOCO.IRF3.H13CORE.0.PS.A,HOCO.IRF4.H13CORE.0.P.B,HOCO.IRF8.H13CORE.0.P.B,HOCO.IRF8.H13CORE.1.SM.B,HOCO.IRF9.H13CORE.0.PSM.A,HOCO.STAT1.H13CORE.1.P.B,HOCO.STAT2.H13CORE.0.P.B
AHR,AHRR,ARNT,ARNT2,CR3L2,CR3L4,EPAS1,HES7,HIF1A,HIF3A,MAD4,MAX,NPAS3,NPAS4,SOLH2,SRBP1	21	CDBK,HOCO,JASP	pos	JASP.MA2325.1.EPAS1,HOCO.AHR.H13CORE.0.P.B,HOCO.AHRR.H13CORE.0.P.C,HOCO.ARNT.H13CORE.0.P.B,HOCO.ARNT.H13CORE.1.P.B,HOCO.ARNT2.H13CORE.0.P.B,HOCO.ARNT2.H13CORE.1.P.B,HOCO.CR3L2.H13CORE.0.PS.A,HOCO.CR3L4.H13CORE.1.S.C,HOCO.EPAS1.H13CORE.0.P.B,HOCO.HES7.H13CORE.0.S.B,HOCO.HIF1A.H13CORE.0.P.B,HOCO.HIF1A.H13CORE.1.P.B,HOCO.HIF3A.H13CORE.0.P.C,HOCO.HIF3A.H13CORE.1.P.C,HOCO.MAD4.H13CORE.0.P.C,HOCO.NPAS3.H13CORE.0.P.C,HOCO.NPAS4.H13CORE.0.P.B,HOCO.SOLH2.H13CORE.0.S.C,HOCO.SRBP1.H13CORE.1.S.C,CDBK.MAX.NA@HTS.IVT@TOP1
MAF,MAFA,MAFB,MAFF,MAFG,MAFK,NRL	20	HOCO,JASP	pos	JASP.MA0495.1.MAFF,JASP.MA0496.1.MAFK,JASP.MA0842.1.NRL,JASP.MA0842.2.NRL,JASP.MA0495.3.MAFF,JASP.MA0659.2.MAFG,JASP.MA0495.4.MAFF,JASP.MA0842.3.NRL,HOCO.MAF.H13CORE.0.PM.A,HOCO.MAF.H13CORE.1.PSM.A,HOCO.MAFA.H13CORE.0.PSM.A,HOCO.MAFA.H13CORE.1.M.C,HOCO.MAFB.H13CORE.0.PS.A,HOCO.MAFB.H13CORE.1.P.B,HOCO.MAFF.H13CORE.1.PSM.A,HOCO.MAFG.H13CORE.1.PSM.A,HOCO.MAFK.H13CORE.0.PS.A,HOCO.MAFK.H13CORE.1.P.B,HOCO.MAFK.H13CORE.2.S.B,HOCO.NRL.H13CORE.0.SM.B
COT1,NR2C2,NR2F1,NR2F6,PPARD,RXRA,RXRB,RXRG,THB,THRB	19	CDBK,HOCO,JASP	pos	JASP.MA0017.1.NR2F1,JASP.MA0504.1.NR2C2,JASP.MA0855.1.RXRB,JASP.MA0856.1.RXRG,JASP.MA1537.1.NR2F1,JASP.MA1550.1.PPARD,JASP.MA1574.1.THRB,JASP.MA0504.2.NR2C2,JASP.MA1537.2.NR2F1,JASP.MA1550.2.PPARD,JASP.MA1574.2.THRB,HOCO.COT1.H13CORE.1.PSM.A,HOCO.NR2C2.H13CORE.1.PS.A,HOCO.NR2F6.H13CORE.2.SM.B,HOCO.RXRA.H13CORE.2.SM.B,HOCO.RXRB.H13CORE.1.SM.B,HOCO.RXRG.H13CORE.1.SM.B,HOCO.THB.H13CORE.2.SM.B,CDBK.RXRA.NA@AFS.LYS@TOP1
E2F1,E2F3,E2F4,E2F6,E2F7,E2F8,TFDP1	18	HOCO,JASP	pos	JASP.MA0470.1.E2F4,JASP.MA0471.1.E2F6,JASP.MA0024.2.E2F1,JASP.MA1122.1.TFDP1,JASP.MA0471.2.E2F6,JASP.MA0865.2.E2F8,JASP.MA0471.3.E2F6,JASP.MA0865.3.E2F8,JASP.MA1122.2.TFDP1,HOCO.E2F1.H13CORE.0.P.B,HOCO.E2F3.H13CORE.0.P.B,HOCO.E2F4.H13CORE.0.P.B,HOCO.E2F4.H13CORE.1.P.B,HOCO.E2F6.H13CORE.0.P.B,HOCO.E2F7.H13CORE.1.P.B,HOCO.E2F8.H13CORE.0.P.C,HOCO.E2F8.H13CORE.1.SM.B,HOCO.TFDP1.H13CORE.0.P.B
NFYA,NFYB,NFYC,PBX1,PBX2,PBX3,PKNX1,ZNF516	18	CDBK,HOCO,JASP	pos	JASP.MA0060.1.NFYA,JASP.MA0502.1.NFYB,JASP.MA0060.2.NFYA,JASP.MA0060.3.NFYA,JASP.MA1644.1.NFYC,JASP.MA0502.2.NFYB,JASP.MA0060.4.NFYA,JASP.MA0502.3.NFYB,JASP.MA1644.2.NFYC,HOCO.NFYA.H13CORE.0.P.B,HOCO.NFYB.H13CORE.0.P.B,HOCO.NFYC.H13CORE.0.P.B,HOCO.PBX1.H13CORE.1.P.B,HOCO.PBX2.H13CORE.1.P.C,HOCO.PBX3.H13CORE.0.P.B,HOCO.PKNX1.H13CORE.0.P.B,HOCO.ZNF516.H13CORE.0.S.C,CDBK.ZNF516.DBD@HTS.GFPIVT@TOP1
HSF5,TEAD1,TEAD2,TEAD3,TEAD4	18	HOCO,JASP	pos	JASP.MA0090.1.TEAD1,JASP.MA0090.2.TEAD1,JASP.MA0808.1.TEAD3,JASP.MA0809.1.TEAD4,JASP.MA1121.1.TEAD2,JASP.MA0090.3.TEAD1,JASP.MA0809.2.TEAD4,JASP.MA0090.4.TEAD1,JASP.MA1121.2.TEAD2,JASP.MA0809.3.TEAD4,HOCO.HSF5.H13CORE.0.M.C,HOCO.TEAD1.H13CORE.0.PSM.A,HOCO.TEAD1.H13CORE.1.P.C,HOCO.TEAD2.H13CORE.0.PSM.A,HOCO.TEAD3.H13CORE.0.PS.A,HOCO.TEAD3.H13CORE.1.S.B,HOCO.TEAD4.H13CORE.0.PS.A,HOCO.TEAD4.H13CORE.1.P.B
ERR1,ERR2,ERR3,ESRRA,ESRRB,NR4A1,NR4A2,RARA	17	CDBK,HOCO,JASP	pos	JASP.MA0592.1.ESRRA,JASP.MA0141.3.ESRRB,JASP.MA1112.1.NR4A1,JASP.MA0592.3.ESRRA,JASP.MA1112.2.NR4A1,JASP.MA0160.2.NR4A2,JASP.MA0592.4.ESRRA,JASP.MA0141.4.ESRRB,JASP.MA1112.3.NR4A1,JASP.MA0160.3.NR4A2,HOCO.ERR1.H13CORE.0.PSM.A,HOCO.ERR2.H13CORE.0.PSM.A,HOCO.ERR3.H13CORE.0.PSM.A,HOCO.NR4A1.H13CORE.0.PSM.A,HOCO.NR4A2.H13CORE.0.SM.B,CDBK.NR4A2.NA@PBM.HK@TOP1,CDBK.RARA.NA@HTS.LYS@TOP1
ISL2,NKX2-3,NKX2-4,NKX2-8,NKX21,NKX22,NKX23,NKX25,NKX28,NKX3-2,NKX31,NKX32	17	HOCO,JASP	pos	JASP.MA0672.1.NKX2-3,JASP.MA0673.1.NKX2-8,JASP.MA0122.2.NKX3-2,JASP.MA0914.1.ISL2,JASP.MA2003.1.NKX2-4,JASP.MA0914.2.ISL2,JASP.MA0672.2.NKX2-3,JASP.MA2003.2.NKX2-4,JASP.MA0673.2.NKX2-8,HOCO.NKX21.H13CORE.0.P.B,HOCO.NKX22.H13CORE.0.P.B,HOCO.NKX23.H13CORE.0.SM.B,HOCO.NKX25.H13CORE.0.PSM.A,HOCO.NKX28.H13CORE.0.SM.B,HOCO.NKX31.H13CORE.0.PSM.A,HOCO.NKX32.H13CORE.0.PSM.A,HOCO.NKX32.H13CORE.1.S.B
AP2A,AP2B,AP2C,AP2E,TFAP2A,TFAP2B,TFAP2C,TFAP2E	16	HOCO,JASP	pos	JASP.MA0524.1.TFAP2C,JASP.MA0003.2.TFAP2A,JASP.MA0003.3.TFAP2A,JASP.MA0812.1.TFAP2B,JASP.MA0814.1.TFAP2C,JASP.MA1569.1.TFAP2E,JASP.MA0003.4.TFAP2A,JASP.MA0814.2.TFAP2C,JASP.MA0003.5.TFAP2A,JASP.MA0812.2.TFAP2B,JASP.MA0814.3.TFAP2C,JASP.MA1569.2.TFAP2E,HOCO.AP2A.H13CORE.0.PSM.A,HOCO.AP2B.H13CORE.0.SM.B,HOCO.AP2C.H13CORE.0.PSM.A,HOCO.AP2E.H13CORE.0.SM.B
ATF1,ATF3,ATF6B,BATF2,CREB1,CREB3,CREM,FOS,FOSB,FOSL2,JDP2,JUN,JUND,XBP1	16	CDBK,HOCO,JASP	pos	JASP.MA0018.1.CREB1,JASP.MA0018.2.CREB1,HOCO.ATF1.H13CORE.0.P.B,HOCO.ATF3.H13CORE.1.P.B,HOCO.ATF6B.H13CORE.0.SM.B,HOCO.CREB1.H13CORE.0.PSM.A,HOCO.CREB3.H13CORE.0.SM.B,HOCO.CREM.H13CORE.0.PSM.A,HOCO.FOS.H13CORE.1.S.C,HOCO.FOSB.H13CORE.1.M.C,HOCO.JDP2.H13CORE.0.SM.B,HOCO.JUND.H13CORE.1.SM.B,HOCO.XBP1.H13CORE.1.M.B,CDBK.BATF2.FL@AFS.LYS@TOP1,CDBK.FOSL2.NA@AFS.LYS@TOP1,CDBK.JUN.NA@PBM.HK@TOP1
DBP,HLF,NFIL3,TEF	15	HOCO,JASP	pos	JASP.MA0025.1.NFIL3,JASP.MA0639.1.DBP,JASP.MA0043.2.HLF,JASP.MA0843.1.TEF,JASP.MA0043.3.HLF,JASP.MA0025.2.NFIL3,JASP.MA0639.2.DBP,JASP.MA0843.2.TEF,JASP.MA0043.4.HLF,JASP.MA0025.3.NFIL3,HOCO.DBP.H13CORE.0.SM.B,HOCO.HLF.H13CORE.0.P.B,HOCO.NFIL3.H13CORE.0.P.B,HOCO.NFIL3.H13CORE.1.S.B,HOCO.TEF.H13CORE.0.SM.B
ZIC1,ZIC3,ZIC4,ZIC5	14	HOCO,JASP	pos	JASP.MA0696.1.ZIC1,JASP.MA0697.1.ZIC3,JASP.MA0751.1.ZIC4,JASP.MA1584.1.ZIC5,JASP.MA0751.2.ZIC4,JASP.MA1584.2.ZIC5,HOCO.ZIC1.H13CORE.1.M.B,HOCO.ZIC1.H13CORE.2.S.B,HOCO.ZIC3.H13CORE.1.S.B,HOCO.ZIC3.H13CORE.2.M.B,HOCO.ZIC4.H13CORE.0.SM.B,HOCO.ZIC5.H13CORE.0.P.B,HOCO.ZIC5.H13CORE.1.M.C,HOCO.ZIC5.H13CORE.2.S.C
CREB3L3,CXXC4,GMEB1,GMEB2,HIF1A,SP140L,TET3,XBP1	13	CDBK,HOCO,JASP	pos	JASP.MA0862.1.GMEB2,JASP.MA1106.1.HIF1A,JASP.MA1106.2.HIF1A,HOCO.CXXC4.H13CORE.0.PSGIB.A,HOCO.GMEB1.H13CORE.0.P.C,HOCO.GMEB1.H13CORE.1.P.C,HOCO.GMEB2.H13CORE.0.P.C,HOCO.GMEB2.H13CORE.1.P.C,HOCO.GMEB2.H13CORE.2.SM.B,HOCO.SP140L.H13CORE.0.PSGIB.A,HOCO.TET3.H13CORE.0.PSGIB.A,HOCO.XBP1.H13CORE.0.PS.A,CDBK.CREB3L3.FL@AFS.LYS@TOP1
ATF6,CR3L1,CR3L4,CREB3,CREB3L1,CREB3L3,CREB3L4,XBP1	13	HOCO,JASP	pos	JASP.MA0638.1.CREB3,JASP.MA0839.1.CREB3L1,JASP.MA0844.1.XBP1,JASP.MA1466.1.ATF6,JASP.MA1474.1.CREB3L4,JASP.MA1466.2.ATF6,JASP.MA0638.2.CREB3,JASP.MA0839.2.CREB3L1,JASP.MA1474.2.CREB3L4,JASP.MA0844.2.XBP1,HOCO.CR3L1.H13CORE.0.PSM.A,HOCO.CR3L4.H13CORE.0.M.C,HOCO.CREB3L3.H13CORE.0.PSGIB.A
RFX1,RFX2,RFX3,RFX4,RFX5,RFX6	13	CDBK,HOCO,JASP	pos	JASP.MA0510.1.RFX5,JASP.MA0600.1.RFX2,JASP.MA0509.2.RFX1,JASP.MA0798.2.RFX3,HOCO.RFX1.H13CORE.0.PM.A,HOCO.RFX1.H13CORE.1.PSM.A,HOCO.RFX2.H13CORE.0.PS.A,HOCO.RFX3.H13CORE.0.PSM.A,HOCO.RFX3.H13CORE.1.PS.A,HOCO.RFX4.H13CORE.0.SM.B,HOCO.RFX5.H13CORE.0.PSG.A,HOCO.RFX6.H13CORE.0.P.C,CDBK.RFX5.FL@HTS.GFPIVT@TOP1
LEF1,TCF7,TCF7L1,TCF7L2,TF7L1,TF7L2	13	CDBK,HOCO,JASP	pos	JASP.MA0523.1.TCF7L2,JASP.MA0768.1.LEF1,JASP.MA1421.1.TCF7L1,JASP.MA0769.2.TCF7,JASP.MA0769.3.TCF7,JASP.MA0523.2.TCF7L2,HOCO.LEF1.H13CORE.0.PSM.A,HOCO.LEF1.H13CORE.1.P.B,HOCO.TCF7.H13CORE.0.PSM.A,HOCO.TF7L1.H13CORE.0.PM.A,HOCO.TF7L1.H13CORE.1.P.C,HOCO.TF7L2.H13CORE.0.P.B,CDBK.LEF1.NA@AFS.LYS@TOP1
HXA9,HXB7,HXC10,HXC9,MEIS1,MEIS2,PBX2,PDX1	13	HOCO,JASP	pos	JASP.MA1639.1.MEIS1,JASP.MA1640.1.MEIS2,JASP.MA1113.2.PBX2,JASP.MA1639.2.MEIS1,JASP.MA1640.2.MEIS2,JASP.MA1113.3.PBX2,HOCO.HXA9.H13CORE.0.P.B,HOCO.HXB7.H13CORE.0.P.C,HOCO.HXC10.H13CORE.0.P.B,HOCO.HXC9.H13CORE.0.P.B,HOCO.MEIS1.H13CORE.0.P.B,HOCO.MEIS2.H13CORE.0.P.C,HOCO.PDX1.H13CORE.0.P.B
E2F1,E2F2,E2F3,E2F4,ZN417,ZN454,ZNF417	13	HOCO,JASP	pos	JASP.MA0024.3.E2F1,JASP.MA0864.2.E2F2,JASP.MA0470.2.E2F4,JASP.MA1727.1.ZNF417,JASP.MA0864.3.E2F2,JASP.MA0470.3.E2F4,JASP.MA1727.2.ZNF417,HOCO.E2F1.H13CORE.1.S.B,HOCO.E2F2.H13CORE.0.S.B,HOCO.E2F3.H13CORE.1.SM.B,HOCO.E2F4.H13CORE.2.S.B,HOCO.ZN417.H13CORE.0.P.C,HOCO.ZN454.H13CORE.1.SM.B
DMRT1,DMRT3,DMRTA,DMRTA1,DMRTA2,DMRTC2,DMRTD,DMTA2	13	HOCO,JASP	pos	JASP.MA0610.1.DMRT3,JASP.MA1478.1.DMRTA2,JASP.MA1479.1.DMRTC2,JASP.MA1707.1.DMRTA1,JASP.MA0610.2.DMRT3,JASP.MA1707.2.DMRTA1,JASP.MA1478.2.DMRTA2,JASP.MA1479.2.DMRTC2,HOCO.DMRT1.H13CORE.1.M.C,HOCO.DMRT3.H13CORE.0.S.C,HOCO.DMRTA.H13CORE.0.SM.B,HOCO.DMRTD.H13CORE.0.SM.B,HOCO.DMTA2.H13CORE.0.SM.B
CBFB,RUNX1,RUNX2,RUNX3	13	CISBP,HOCO,JASP	pos	JASP.MA0002.1.RUNX1,JASP.MA0511.1.RUNX2,JASP.MA0684.1.RUNX3,JASP.MA0511.2.RUNX2,JASP.MA0684.2.RUNX3,JASP.MA0684.3.RUNX3,HOCO.RUNX1.H13CORE.0.P.B,HOCO.RUNX2.H13CORE.0.P.B,HOCO.RUNX2.H13CORE.1.S.B,HOCO.RUNX3.H13CORE.0.P.B,HOCO.RUNX3.H13CORE.1.S.B,HOCO.RUNX3.H13CORE.2.S.B,CISBP.Cbfb.M10571_3.00
CXXC4,FBXL19,KDM2A,MBD1,SP100,SP140,SP140L,TET3,ZNF800	12	CDBK,HOCO	pos	HOCO.KDM2A.H13CORE.0.PSGB.A,HOCO.MBD1.H13CORE.0.PSIB.A,HOCO.SP140.H13CORE.0.PSGIB.A,CDBK.CXXC4.FL@HTS.LYS@TOP1,CDBK.FBXL19.DBD@SMS@TOP1,CDBK.KDM2A.FL@HTS.LYS@TOP1,CDBK.MBD1.DBD@PBM.ME@TOP1,CDBK.SP100.DBD@HTS.GFPIVT@TOP1,CDBK.SP140.DBD@HTS.GFPIVT@TOP1,CDBK.SP140L.NA@SMS@TOP1,CDBK.TET3.DBD@HTS.IVT@TOP1,CDBK.ZNF800.FL@HTS.GFPIVT@TOP1
MEF2A,MEF2B,MEF2C,MEF2D	12	HOCO,JASP	pos	JASP.MA0052.1.MEF2A,JASP.MA0497.1.MEF2C,JASP.MA0052.2.MEF2A,JASP.MA0660.1.MEF2B,JASP.MA0052.3.MEF2A,JASP.MA0773.1.MEF2D,JASP.MA0052.4.MEF2A,JASP.MA0052.5.MEF2A,JASP.MA0497.2.MEF2C,HOCO.MEF2A.H13CORE.0.P.B,HOCO.MEF2C.H13CORE.0.P.B,HOCO.MEF2D.H13CORE.0.PS.A
GRHL1,GRHL2,GRHL3,TFCP2	12	HOCO,JASP	pos	JASP.MA0647.1.GRHL1,JASP.MA1105.1.GRHL2,JASP.MA1105.2.GRHL2,JASP.MA1968.1.TFCP2,JASP.MA0647.2.GRHL1,JASP.MA1105.3.GRHL2,JASP.MA1968.2.TFCP2,HOCO.GRHL1.H13CORE.0.PSM.A,HOCO.GRHL1.H13CORE.1.PS.A,HOCO.GRHL2.H13CORE.1.P.B,HOCO.GRHL3.H13CORE.0.SB.A,HOCO.TFCP2.H13CORE.2.S.C
ALX1,ALX4,ARX,DRGX,MIXL1,PHOX2A,PHOX2B,PHX2A,PHX2B,PROP1	12	HOCO,JASP	pos	JASP.MA0713.1.PHOX2A,JASP.MA0715.1.PROP1,JASP.MA0681.2.PHOX2B,JASP.MA0681.3.PHOX2B,HOCO.ALX1.H13CORE.0.SM.B,HOCO.ALX4.H13CORE.0.S.B,HOCO.ARX.H13CORE.0.S.B,HOCO.DRGX.H13CORE.0.S.B,HOCO.MIXL1.H13CORE.0.SM.B,HOCO.PHX2A.H13CORE.0.PS.A,HOCO.PHX2B.H13CORE.0.PSM.A,HOCO.PROP1.H13CORE.0.PSM.A
PAX1,PAX2,PAX5,PAX8,PAX9	12	HOCO,JASP	pos	JASP.MA0779.1.PAX1,JASP.MA0781.1.PAX9,JASP.MA2094.1.PAX8,JASP.MA0067.2.PAX2,JASP.MA0779.2.PAX1,JASP.MA0781.2.PAX9,JASP.MA0067.3.PAX2,HOCO.PAX1.H13CORE.0.SM.B,HOCO.PAX2.H13CORE.0.SM.B,HOCO.PAX5.H13CORE.0.PS.A,HOCO.PAX8.H13CORE.0.PSM.A,HOCO.PAX9.H13CORE.0.SM.B
IRF4,IRF5,IRF6,IRF7,IRF8,ZBED2	11	HOCO,JASP	pos	JASP.MA1509.1.IRF6,JASP.MA1971.1.ZBED2,JASP.MA1971.2.ZBED2,HOCO.IRF4.H13CORE.1.S.B,HOCO.IRF4.H13CORE.2.SM.B,HOCO.IRF5.H13CORE.0.SM.B,HOCO.IRF5.H13CORE.1.S.B,HOCO.IRF6.H13CORE.0.SM.B,HOCO.IRF7.H13CORE.0.S.B,HOCO.IRF7.H13CORE.1.SM.B,HOCO.IRF8.H13CORE.2.SM.B
EGR1,EGR2,EGR3,EGR4	11	HOCO,JASP	pos	JASP.MA0472.2.EGR2,JASP.MA0732.1.EGR3,JASP.MA0733.1.EGR4,JASP.MA0162.3.EGR1,JASP.MA0162.4.EGR1,JASP.MA0162.5.EGR1,JASP.MA0732.2.EGR3,JASP.MA0733.2.EGR4,HOCO.EGR1.H13CORE.0.PS.A,HOCO.EGR2.H13CORE.0.PSM.A,HOCO.EGR3.H13CORE.0.PSM.A
NFIA,NFIB,NFIC,NFIX	11	HOCO,JASP	pos	JASP.MA0161.1.NFIC,JASP.MA0670.1.NFIA,JASP.MA0671.1.NFIX,JASP.MA0161.2.NFIC,JASP.MA0670.2.NFIA,JASP.MA0161.3.NFIC,JASP.MA0671.2.NFIX,HOCO.NFIA.H13CORE.0.P.B,HOCO.NFIB.H13CORE.1.PS.A,HOCO.NFIC.H13CORE.1.PSM.A,HOCO.NFIX.H13CORE.1.S.B
STA5A,STA5B,STAT1,STAT3,STAT4	10	HOCO,JASP	pos	JASP.MA0137.2.STAT1,JASP.MA0137.3.STAT1,JASP.MA0144.2.STAT3,JASP.MA0137.4.STAT1,JASP.MA0144.3.STAT3,HOCO.STA5A.H13CORE.0.P.B,HOCO.STA5B.H13CORE.0.P.B,HOCO.STAT1.H13CORE.0.P.B,HOCO.STAT3.H13CORE.0.P.B,HOCO.STAT4.H13CORE.0.P.B
BARH1,BARH2,BARHL1,BARHL2	10	HOCO,JASP	pos	JASP.MA0635.1.BARHL2,JASP.MA0877.2.BARHL1,JASP.MA0877.3.BARHL1,JASP.MA0877.4.BARHL1,JASP.MA0635.2.BARHL2,HOCO.BARH1.H13CORE.0.SM.B,HOCO.BARH1.H13CORE.1.S.B,HOCO.BARH2.H13CORE.0.SM.B,HOCO.BARH2.H13CORE.1.S.B,HOCO.BARH2.H13CORE.2.S.C
NR1I2,NR1I3,VDR,ZNF788P	9	HOCO,JASP	pos	JASP.MA0693.2.VDR,JASP.MA1534.1.NR1I3,JASP.MA1534.2.NR1I3,HOCO.NR1I2.H13CORE.0.M.C,HOCO.NR1I2.H13CORE.1.S.C,HOCO.NR1I3.H13CORE.1.PSM.A,HOCO.NR1I3.H13CORE.2.M.C,HOCO.VDR.H13CORE.1.PS.A,HOCO.ZNF788P.H13CORE.0.S.C
ANDR,AR,GCR,MCR,NR3C1,NR3C2,PRGR	9	HOCO,JASP	pos	JASP.MA0007.2.AR,JASP.MA0113.3.NR3C1,JASP.MA0727.1.NR3C2,JASP.MA0113.4.NR3C1,JASP.MA0727.2.NR3C2,HOCO.ANDR.H13CORE.0.P.B,HOCO.GCR.H13CORE.0.PS.A,HOCO.MCR.H13CORE.0.S.B,HOCO.PRGR.H13CORE.0.P.B
PBX1,PBX2,PBX3,PKNOX1,PKNX1	9	HOCO,JASP	pos	JASP.MA1113.1.PBX2,JASP.MA1114.1.PBX3,JASP.MA0782.2.PKNOX1,JASP.MA1114.2.PBX3,JASP.MA0782.3.PKNOX1,HOCO.PBX1.H13CORE.0.P.B,HOCO.PBX2.H13CORE.0.P.B,HOCO.PBX3.H13CORE.1.P.B,HOCO.PKNX1.H13CORE.1.P.B
GLI2,GLI3,ZBT7B,ZBT7C,ZBTB7A,ZBTB7B,ZBTB7C	9	HOCO,JASP	pos	JASP.MA0694.1.ZBTB7B,JASP.MA0695.1.ZBTB7C,JASP.MA0734.1.GLI2,JASP.MA0750.1.ZBTB7A,JASP.MA0694.2.ZBTB7B,JASP.MA0695.2.ZBTB7C,HOCO.GLI3.H13CORE.1.M.C,HOCO.ZBT7B.H13CORE.0.SM.B,HOCO.ZBT7C.H13CORE.0.S.B
RFX1,RFX2,RFX3,RFX4,RFX5	9	HOCO,JASP	pos	JASP.MA0600.2.RFX2,JASP.MA0798.1.RFX3,JASP.MA0799.1.RFX4,JASP.MA0510.2.RFX5,JASP.MA0509.3.RFX1,JASP.MA0798.3.RFX3,JASP.MA0600.3.RFX2,JASP.MA0510.3.RFX5,HOCO.RFX2.H13CORE.1.PSM.A
COE1,COE2,COE3,EBF1,EBF3,PRD16,ZN423	9	HOCO,JASP	pos	JASP.MA0154.2.EBF1,JASP.MA0154.3.EBF1,JASP.MA1637.1.EBF3,JASP.MA1637.2.EBF3,HOCO.COE1.H13CORE.0.P.B,HOCO.COE2.H13CORE.0.P.B,HOCO.COE3.H13CORE.0.P.B,HOCO.PRD16.H13CORE.0.P.B,HOCO.ZN423.H13CORE.0.P.C
GLIS3,VEZF1,ZN460,ZN740,ZNF740	9	HOCO,JASP	pos	JASP.MA0753.1.ZNF740,JASP.MA1578.1.VEZF1,JASP.MA0753.2.ZNF740,JASP.MA1578.2.VEZF1,JASP.MA0753.3.ZNF740,HOCO.GLIS3.H13CORE.1.S.C,HOCO.ZN460.H13CORE.0.S.C,HOCO.ZN740.H13CORE.0.P.C,HOCO.ZN740.H13CORE.1.S.C
MAF,MAFA,MAFF,MAFG,MAFK	9	HOCO,JASP	pos	JASP.MA0659.1.MAFG,JASP.MA0495.2.MAFF,JASP.MA0496.2.MAFK,JASP.MA1520.1.MAF,JASP.MA1521.1.MAFA,JASP.MA1520.2.MAF,JASP.MA1521.2.MAFA,HOCO.MAFF.H13CORE.0.PSM.A,HOCO.MAFG.H13CORE.0.PSM.A
NFIB,NFIC,NFIX	9	HOCO,JASP	pos	JASP.MA1527.1.NFIC,JASP.MA1528.1.NFIX,JASP.MA1643.1.NFIB,JASP.MA1643.2.NFIB,JASP.MA1527.2.NFIC,JASP.MA1528.2.NFIX,HOCO.NFIB.H13CORE.0.PSM.A,HOCO.NFIC.H13CORE.0.PSM.A,HOCO.NFIX.H13CORE.0.SM.B
SIX1,SIX2,SIX4,ZNF32	8	HOCO,JASP	pos	JASP.MA1118.1.SIX1,JASP.MA1119.1.SIX2,JASP.MA1118.2.SIX1,JASP.MA1119.2.SIX2,HOCO.SIX1.H13CORE.0.P.B,HOCO.SIX2.H13CORE.0.P.B,HOCO.SIX4.H13CORE.0.P.B,HOCO.ZNF32.H13CORE.0.SM.B
PO4F1,PO4F2,POU4F1,POU4F2,POU4F3	8	HOCO,JASP	pos	JASP.MA0683.1.POU4F2,JASP.MA0790.1.POU4F1,JASP.MA0791.1.POU4F3,JASP.MA0790.2.POU4F1,JASP.MA0683.2.POU4F2,JASP.MA0791.2.POU4F3,HOCO.PO4F1.H13CORE.1.SM.B,HOCO.PO4F2.H13CORE.0.S.B
SCRT1,SCRT2	8	HOCO,JASP	pos	JASP.MA0743.1.SCRT1,JASP.MA0744.1.SCRT2,JASP.MA0743.2.SCRT1,JASP.MA0744.2.SCRT2,JASP.MA0743.3.SCRT1,JASP.MA0744.3.SCRT2,HOCO.SCRT1.H13CORE.0.PSM.A,HOCO.SCRT2.H13CORE.0.PSM.A
P53,P63,P73,TP53,TP63,TP73	8	HOCO,JASP	pos	JASP.MA0525.1.TP63,JASP.MA0106.2.TP53,JASP.MA0106.3.TP53,JASP.MA0861.1.TP73,JASP.MA0861.2.TP73,HOCO.P53.H13CORE.0.P.B,HOCO.P63.H13CORE.0.PS.A,HOCO.P73.H13CORE.0.PS.A
ATF4,CEBPG	8	HOCO,JASP	pos	JASP.MA0833.1.ATF4,JASP.MA1636.1.CEBPG,JASP.MA0833.2.ATF4,JASP.MA0833.3.ATF4,JASP.MA1636.2.CEBPG,HOCO.ATF4.H13CORE.0.P.B,HOCO.ATF4.H13CORE.1.S.B,HOCO.CEBPG.H13CORE.2.P.B
MZF1,RELB,ZN701,ZNF888	8	HOCO,JASP	pos	JASP.MA0056.1.MZF1,JASP.MA1117.1.RELB,JASP.MA0056.2.MZF1,JASP.MA0056.3.MZF1,JASP.MA1117.2.RELB,HOCO.MZF1.H13CORE.0.P.B,HOCO.ZN701.H13CORE.1.P.B,HOCO.ZNF888.H13CORE.0.P.B
HNF4A,HNF4G	8	HOCO,JASP	pos	JASP.MA0484.1.HNF4G,JASP.MA0114.2.HNF4A,JASP.MA0114.4.HNF4A,JASP.MA0484.2.HNF4G,JASP.MA0114.5.HNF4A,JASP.MA0484.3.HNF4G,HOCO.HNF4A.H13CORE.0.PSM.A,HOCO.HNF4G.H13CORE.0.P.B
FOXD2,FOXE1	7	HOCO,JASP	pos	JASP.MA1487.1.FOXE1,JASP.MA0847.3.FOXD2,JASP.MA1487.2.FOXE1,JASP.MA0847.4.FOXD2,JASP.MA1487.3.FOXE1,HOCO.FOXD2.H13CORE.1.SM.B,HOCO.FOXE1.H13CORE.0.SM.B
MYBB,OVOL1,OVOL2	7	HOCO,JASP	pos	JASP.MA1544.1.OVOL1,JASP.MA1545.1.OVOL2,JASP.MA1544.2.OVOL1,JASP.MA1545.2.OVOL2,HOCO.MYBB.H13CORE.0.S.B,HOCO.OVOL1.H13CORE.0.SM.B,HOCO.OVOL2.H13CORE.0.PSM.A
NR1D1,NR1D2,RORG	7	HOCO,JASP	pos	JASP.MA1531.1.NR1D1,JASP.MA1532.1.NR1D2,JASP.MA1532.2.NR1D2,JASP.MA1531.2.NR1D1,HOCO.NR1D1.H13CORE.1.SM.B,HOCO.NR1D2.H13CORE.1.SM.B,HOCO.RORG.H13CORE.0.M.C
CLOCK,MAX,MXI1,NPAS2	7	HOCO,JASP	pos	JASP.MA0058.2.MAX,JASP.MA1108.2.MXI1,JASP.MA1108.3.MXI1,HOCO.CLOCK.H13CORE.0.M.C,HOCO.MAX.H13CORE.1.M.C,HOCO.NPAS2.H13CORE.0.M.B,HOCO.NPAS2.H13CORE.1.M.C
HSF1,HSF2,HSF4	7	HOCO,JASP	pos	JASP.MA0486.1.HSF1,JASP.MA0486.2.HSF1,JASP.MA0770.1.HSF2,JASP.MA0771.1.HSF4,HOCO.HSF1.H13CORE.0.PSM.A,HOCO.HSF2.H13CORE.0.PSM.A,HOCO.HSF4.H13CORE.0.SM.B
GCM1,GCM2	7	CDBK,HOCO,JASP	pos	JASP.MA0646.1.GCM1,JASP.MA0767.1.GCM2,JASP.MA0646.2.GCM1,JASP.MA0767.2.GCM2,HOCO.GCM1.H13CORE.0.S.B,HOCO.GCM2.H13CORE.0.SM.B,CDBK.GCM1.NA@PBM.HK@TOP1
ESR1,ESR2	7	HOCO,JASP	pos	JASP.MA0112.2.ESR1,JASP.MA0258.1.ESR2,JASP.MA0258.2.ESR2,JASP.MA0112.3.ESR1,JASP.MA0112.4.ESR1,HOCO.ESR1.H13CORE.0.P.B,HOCO.ESR2.H13CORE.0.P.B
TYY1,TYY2,YY1,ZFP42	7	HOCO,JASP	pos	JASP.MA0095.2.YY1,JASP.MA1651.1.ZFP42,JASP.MA1651.2.ZFP42,HOCO.TYY1.H13CORE.0.PSM.A,HOCO.TYY2.H13CORE.0.PS.A,HOCO.TYY2.H13CORE.1.SM.B,HOCO.ZFP42.H13CORE.0.PM.A
GLI1,GLI2,GLI3	7	HOCO,JASP	pos	JASP.MA1491.1.GLI3,JASP.MA0734.2.GLI2,JASP.MA1491.2.GLI3,JASP.MA1491.3.GLI3,HOCO.GLI1.H13CORE.0.P.C,HOCO.GLI2.H13CORE.0.PSM.A,HOCO.GLI3.H13CORE.0.PS.A
HNF1A,HNF1B	6	HOCO,JASP	pos	JASP.MA0046.2.HNF1A,JASP.MA0153.2.HNF1B,JASP.MA0046.3.HNF1A,HOCO.HNF1A.H13CORE.0.PS.A,HOCO.HNF1B.H13CORE.0.PS.A,HOCO.HNF1B.H13CORE.1.P.D
MSANTD3,NKX2-2,NKX2-5	6	JASP	pos	JASP.MA1523.1.MSANTD3,JASP.MA1645.1.NKX2-2,JASP.MA0063.2.NKX2-5,JASP.MA1523.2.MSANTD3,JASP.MA1645.2.NKX2-2,JASP.MA0063.3.NKX2-5
TFAP2A,TFAP2B,TFAP2C	6	JASP	pos	JASP.MA0810.1.TFAP2A,JASP.MA0811.1.TFAP2B,JASP.MA0524.2.TFAP2C,JASP.MA0810.2.TFAP2A,JASP.MA0811.2.TFAP2B,JASP.MA0524.3.TFAP2C
PRDM1,ZNF683	6	CDBK,HOCO,JASP	pos	JASP.MA0508.1.PRDM1,JASP.MA0508.2.PRDM1,HOCO.PRDM1.H13CORE.0.S.B,HOCO.PRDM1.H13CORE.1.PS.A,HOCO.ZNF683.H13CORE.0.PSG.A,CDBK.ZNF683.FL@HTS.GFPIVT@TOP1
PAX3,PAX7	6	CDBK,HOCO,JASP	pos	JASP.MA0680.1.PAX7,JASP.MA0780.1.PAX3,HOCO.PAX3.H13CORE.3.S.B,HOCO.PAX7.H13CORE.1.S.B,HOCO.PAX7.H13CORE.2.PM.A,CDBK.PAX7.NA@HTS.IVT@TOP1
ZN384,ZNF362,ZNF384	6	CDBK,HOCO,JASP	pos	JASP.MA1125.1.ZNF384,JASP.MA1125.2.ZNF384,HOCO.ZN384.H13CORE.0.PSM.A,HOCO.ZNF362.H13CORE.0.PSGI.A,CDBK.ZNF362.FL@SMS@TOP1,CDBK.ZNF384.FL@HTS.LYS@TOP1
GATA2,GATA3,SIX6,TRPS1,ZBTB5,ZGLP1	6	CDBK,HOCO,JASP	pos	JASP.MA0036.1.GATA2,JASP.MA0037.1.GATA3,HOCO.SIX6.H13CORE.0.SM.B,HOCO.TRPS1.H13CORE.0.P.B,CDBK.ZBTB5.DBD@HTS.GFPIVT@TOP1,CDBK.ZGLP1.DBD@PBM.HK@TOP1
PKNOX1,PKNOX2,TGIF1,TGIF2,TGIF2LX,TGIF2LY	6	JASP	pos	JASP.MA0782.1.PKNOX1,JASP.MA0783.1.PKNOX2,JASP.MA0796.1.TGIF1,JASP.MA0797.1.TGIF2,JASP.MA1571.1.TGIF2LX,JASP.MA1572.1.TGIF2LY
BACH1,NF2L1,NF2L2,NFE2,NFE2L2	6	HOCO,JASP	pos	JASP.MA0150.1.NFE2L2,HOCO.BACH1.H13CORE.0.P.B,HOCO.NF2L1.H13CORE.0.P.B,HOCO.NF2L2.H13CORE.0.P.B,HOCO.NF2L2.H13CORE.1.P.B,HOCO.NFE2.H13CORE.0.P.B
CAMTA1,CAMTA2,DNTTIP1,ZBT44,ZNF292	6	CDBK,HOCO	pos	HOCO.CAMTA1.H13CORE.0.PSGI.A,HOCO.DNTTIP1.H13CORE.0.PSG.A,HOCO.ZBT44.H13CORE.0.P.C,HOCO.ZNF292.H13CORE.0.PSG.A,CDBK.CAMTA1.DBD@AFS.GFPIVT@TOP1,CDBK.CAMTA2.FL@HTS.LYS@TOP1
NFKB1,REL,RELA,RELB,TF65	6	HOCO,JASP	pos	JASP.MA0101.1.REL,JASP.MA0107.1.RELA,JASP.MA0105.3.NFKB1,HOCO.NFKB1.H13CORE.0.PS.A,HOCO.RELB.H13CORE.0.P.B,HOCO.TF65.H13CORE.0.P.B
RARB,RARG,RXRB,RXRG	6	JASP	pos	JASP.MA1552.1.RARB,JASP.MA1553.1.RARG,JASP.MA1555.1.RXRB,JASP.MA1556.1.RXRG,JASP.MA1552.2.RARB,JASP.MA1553.2.RARG
GLIS1,GLIS2,GLIS3	6	HOCO,JASP	pos	JASP.MA0735.1.GLIS1,JASP.MA0736.1.GLIS2,JASP.MA0737.1.GLIS3,JASP.MA0735.2.GLIS1,HOCO.GLIS1.H13CORE.2.SM.B,HOCO.GLIS2.H13CORE.0.SM.B
SRBP1,SRBP2,SREBF1,SREBF2	5	HOCO,JASP	pos	JASP.MA0595.1.SREBF1,JASP.MA0596.1.SREBF2,HOCO.SRBP1.H13CORE.0.P.B,HOCO.SRBP2.H13CORE.0.S.B,HOCO.SRBP2.H13CORE.2.M.C
GFI1,GFI1B	5	HOCO,JASP	pos	JASP.MA0038.2.GFI1,JASP.MA0038.3.GFI1,HOCO.GFI1.H13CORE.0.PSM.A,HOCO.GFI1B.H13CORE.0.PSM.A,HOCO.GFI1B.H13CORE.1.S.C
ZIC1,ZIC2,ZIC3,ZNF503	5	CDBK,HOCO	pos	HOCO.ZIC1.H13CORE.0.P.B,HOCO.ZIC2.H13CORE.0.P.B,HOCO.ZIC3.H13CORE.0.P.B,HOCO.ZNF503.H13CORE.0.P.B,CDBK.ZNF503.FL@CHS@TOP1
NR1H3,THA,THB,THRA	5	HOCO,JASP	pos	JASP.MA1969.1.THRA,JASP.MA1969.2.THRA,HOCO.NR1H3.H13CORE.0.P.B,HOCO.THA.H13CORE.0.P.B,HOCO.THB.H13CORE.0.P.B
MAZ,ZN468,ZNF148	5	HOCO,JASP	pos	JASP.MA1522.1.MAZ,JASP.MA1653.1.ZNF148,JASP.MA1522.2.MAZ,JASP.MA1653.2.ZNF148,HOCO.ZN468.H13CORE.0.P.C
ZNF500,ZSC29,ZSCAN29	5	CDBK,HOCO,JASP	pos	JASP.MA1602.1.ZSCAN29,JASP.MA1602.2.ZSCAN29,HOCO.ZNF500.H13CORE.0.PSGI.A,HOCO.ZSC29.H13CORE.0.P.B,CDBK.ZNF500.FL@HTS.GFPIVT@TOP1
FOXA2,FOXA3,FOXB1,FOXC1	5	HOCO,JASP	pos	JASP.MA0845.1.FOXB1,HOCO.FOXA2.H13CORE.1.SM.B,HOCO.FOXA3.H13CORE.1.M.C,HOCO.FOXB1.H13CORE.0.SM.B,HOCO.FOXC1.H13CORE.0.S.B
ZN770,ZN787,ZNF770	5	CDBK,HOCO,JASP	pos	JASP.MA2099.1.ZNF770,HOCO.ZN770.H13CORE.0.P.B,HOCO.ZN770.H13CORE.1.P.B,HOCO.ZN787.H13CORE.1.S.C,CDBK.ZNF770.FL@HTS.LYS@TOP1
ZN148,ZN281,ZN444,ZNF281	5	HOCO,JASP	pos	JASP.MA1630.2.ZNF281,JASP.MA1630.3.ZNF281,HOCO.ZN148.H13CORE.0.P.B,HOCO.ZN281.H13CORE.0.P.B,HOCO.ZN444.H13CORE.0.S.C
SPI1,SPIB,SPIC	5	HOCO,JASP	pos	JASP.MA0080.4.SPI1,JASP.MA0687.1.SPIC,JASP.MA0687.2.SPIC,HOCO.SPIB.H13CORE.1.S.C,HOCO.SPIB.H13CORE.2.SM.B
SOX1,SOX2,SOX21,SRY	5	HOCO	pos	HOCO.SOX1.H13CORE.1.S.B,HOCO.SOX2.H13CORE.2.S.B,HOCO.SOX2.H13CORE.3.S.B,HOCO.SOX21.H13CORE.0.S.B,HOCO.SRY.H13CORE.0.S.B
NFKB1,NFKB2	5	CDBK,JASP	pos	JASP.MA0105.2.NFKB1,JASP.MA0105.4.NFKB1,JASP.MA0778.1.NFKB2,JASP.MA0778.2.NFKB2,CDBK.NFKB1.NA@HTS.LYS@TOP1
CTCF,CTCFL	5	CDBK,HOCO,JASP	pos	JASP.MA0139.1.CTCF,JASP.MA0139.2.CTCF,HOCO.CTCF.H13CORE.0.P.B,HOCO.CTCFL.H13CORE.0.P.B,CDBK.CTCF.NA@AFS.LYS@TOP1
ZBTB47,ZN652,ZNF652	5	CDBK,HOCO,JASP	pos	JASP.MA1657.1.ZNF652,JASP.MA1657.2.ZNF652,HOCO.ZBTB47.H13CORE.0.PSG.A,HOCO.ZN652.H13CORE.0.PS.A,CDBK.ZBTB47.FL@AFS.GFPIVT@TOP1
OSR1,OSR2	5	HOCO,JASP	pos	JASP.MA1542.1.OSR1,JASP.MA1542.2.OSR1,HOCO.OSR1.H13CORE.0.SM.B,HOCO.OSR2.H13CORE.0.PSM.A,HOCO.OSR2.H13CORE.1.M.C
NR5A1,NR5A2,NR6A1,STF1	5	HOCO,JASP	pos	JASP.MA1540.1.NR5A1,HOCO.NR5A2.H13CORE.0.PSM.A,HOCO.NR6A1.H13CORE.0.P.C,HOCO.NR6A1.H13CORE.1.P.C,HOCO.STF1.H13CORE.0.PSM.A
ZFP57,ZNF729	5	CDBK,HOCO,JASP	pos	JASP.MA1583.1.ZFP57,JASP.MA1583.2.ZFP57,HOCO.ZFP57.H13CORE.0.P.B,HOCO.ZNF729.H13CORE.0.SG.A,CDBK.ZNF729.DBD@HTS.GFPIVT@TOP1
ZN708,ZNF708	5	CDBK,HOCO,JASP	pos	JASP.MA1730.1.ZNF708,JASP.MA1730.2.ZNF708,HOCO.ZN708.H13CORE.0.P.B,HOCO.ZN708.H13CORE.1.P.B,CDBK.ZNF708.FL@CHS@TOP1
CDX2,GMEB1,HOXA9,IRX3	5	HOCO,JASP	pos	JASP.MA0594.2.HOXA9,JASP.MA0594.3.HOXA9,HOCO.CDX2.H13CORE.1.M.C,HOCO.GMEB1.H13CORE.2.SM.B,HOCO.IRX3.H13CORE.0.M.C
PIT1,PO2F2,PO3F1,PO3F2,PO3F3	5	HOCO	pos	HOCO.PIT1.H13CORE.1.S.B,HOCO.PO2F2.H13CORE.2.S.B,HOCO.PO3F1.H13CORE.1.PS.A,HOCO.PO3F2.H13CORE.0.P.B,HOCO.PO3F3.H13CORE.1.P.C
TBX19,TBXT	5	HOCO,JASP	pos	JASP.MA0009.2.TBXT,JASP.MA0804.1.TBX19,JASP.MA0804.2.TBX19,HOCO.TBX19.H13CORE.0.PS.A,HOCO.TBXT.H13CORE.0.PS.A
ZN211,ZNF211	4	HOCO,JASP	pos	JASP.MA1974.1.ZNF211,JASP.MA1974.2.ZNF211,HOCO.ZN211.H13CORE.0.P.B,HOCO.ZN211.H13CORE.1.P.C
DEAF1,ZBED2,ZFAT	4	CDBK,HOCO,JASP	pos	HOCO.ZBED2.H13CORE.0.PSGIB.A,CDBK.ZBED2.FL@SMS@TOP1,CDBK.ZFAT.DBD@SMS@TOP1,JASP.MA0185.2.Deaf1
BCL6,BCL6B	4	HOCO,JASP	pos	JASP.MA0463.2.BCL6,JASP.MA0463.3.BCL6,HOCO.BCL6.H13CORE.0.PSM.A,HOCO.BCL6B.H13CORE.0.PSM.A
CPXCR1,PRDM5	4	CDBK,HOCO	pos	HOCO.CPXCR1.H13CORE.0.P.C,HOCO.PRDM5.H13CORE.0.PSGI.A,CDBK.CPXCR1.FL@CHS@TOP1,CDBK.PRDM5.FL@HTS.GFPIVT@TOP1
RFX1,RFX7	4	HOCO,JASP	pos	JASP.MA1554.1.RFX7,JASP.MA1554.2.RFX7,HOCO.RFX1.H13CORE.2.S.C,HOCO.RFX7.H13CORE.0.SM.B
SATB1	4	HOCO,JASP	pos	JASP.MA1963.1.SATB1,JASP.MA1963.2.SATB1,HOCO.SATB1.H13CORE.0.P.B,HOCO.SATB1.H13CORE.1.P.B
SRF	4	HOCO,JASP	pos	JASP.MA0083.1.SRF,JASP.MA0083.2.SRF,JASP.MA0083.3.SRF,HOCO.SRF.H13CORE.0.PSM.A
ZN189,ZNF189	4	HOCO,JASP	pos	JASP.MA1725.1.ZNF189,JASP.MA1725.2.ZNF189,HOCO.ZN189.H13CORE.0.P.B,HOCO.ZN189.H13CORE.1.P.B
SIX1,SIX2,SIX3	4	HOCO	pos	HOCO.SIX1.H13CORE.1.SM.B,HOCO.SIX2.H13CORE.1.M.C,HOCO.SIX2.H13CORE.2.SM.B,HOCO.SIX3.H13CORE.0.SM.B
ZN341,ZNF341	4	HOCO,JASP	pos	JASP.MA1655.1.ZNF341,JASP.MA1655.2.ZNF341,HOCO.ZN341.H13CORE.0.P.B,HOCO.ZN341.H13CORE.1.P.B
HSF1,ZBT26,ZBTB26	4	HOCO,JASP	pos	JASP.MA1579.1.ZBTB26,JASP.MA1579.2.ZBTB26,HOCO.HSF1.H13CORE.1.P.B,HOCO.ZBT26.H13CORE.0.PSM.A
TF2L1,TFCP2,UBIP1	4	HOCO	pos	HOCO.TF2L1.H13CORE.0.PSM.A,HOCO.TFCP2.H13CORE.0.SM.B,HOCO.TFCP2.H13CORE.1.SM.B,HOCO.UBIP1.H13CORE.0.SM.B
BARX1,BARX2	4	HOCO,JASP	pos	JASP.MA1471.1.BARX2,JASP.MA1471.2.BARX2,HOCO.BARX1.H13CORE.0.P.C,HOCO.BARX2.H13CORE.0.SM.B
TYY1,YY2	4	HOCO,JASP	pos	JASP.MA0748.1.YY2,JASP.MA0748.2.YY2,JASP.MA0748.3.YY2,HOCO.TYY1.H13CORE.1.S.B
ZN75D,ZNF75A,ZNF75D	4	HOCO,JASP	pos	JASP.MA1601.1.ZNF75D,JASP.MA2097.1.ZNF75A,JASP.MA1601.2.ZNF75D,HOCO.ZN75D.H13CORE.0.P.B
ZNF85	4	HOCO,JASP	pos	JASP.MA1720.1.ZNF85,JASP.MA1720.2.ZNF85,HOCO.ZNF85.H13CORE.0.P.B,HOCO.ZNF85.H13CORE.1.P.B
SPDEF	4	HOCO,JASP	pos	JASP.MA0686.1.SPDEF,JASP.MA0686.2.SPDEF,HOCO.SPDEF.H13CORE.0.PSM.A,HOCO.SPDEF.H13CORE.1.SM.B
MYB,MYBA,MYBB	4	HOCO	pos	HOCO.MYB.H13CORE.0.P.B,HOCO.MYBA.H13CORE.0.P.B,HOCO.MYBA.H13CORE.1.PS.A,HOCO.MYBB.H13CORE.1.S.B
FOXD3,FOXK2,FOXL1	4	CAP-SELX,HOCO,JASP	pos	JASP.MA0041.2.FOXD3,JASP.MA0041.3.FOXD3,HOCO.FOXL1.H13CORE.0.S.B,CAP-SELX.FOXK2
REST	4	HOCO,JASP	pos	JASP.MA0138.1.REST,JASP.MA0138.2.REST,JASP.MA0138.3.REST,HOCO.REST.H13CORE.0.P.B
FAM200B,ZBT7A	4	CDBK,HOCO	pos	HOCO.FAM200B.H13CORE.0.PSGIB.A,HOCO.ZBT7A.H13CORE.0.P.B,HOCO.ZBT7A.H13CORE.1.SM.B,CDBK.FAM200B.DBD@AFS.GFPIVT@TOP1
SOX10,SOX11,SOX12	4	HOCO,JASP	pos	JASP.MA1561.1.SOX12,JASP.MA1561.2.SOX12,HOCO.SOX10.H13CORE.2.S.C,HOCO.SOX11.H13CORE.1.S.B
ZIM3	4	CDBK,HOCO,JASP	pos	JASP.MA1709.1.ZIM3,JASP.MA1709.2.ZIM3,HOCO.ZIM3.H13CORE.0.P.B,CDBK.ZIM3.FL@CHS@TOP1
ANDR,GCR,MCR,PRGR	4	HOCO	pos	HOCO.ANDR.H13CORE.1.S.C,HOCO.GCR.H13CORE.1.S.B,HOCO.MCR.H13CORE.1.SM.B,HOCO.PRGR.H13CORE.1.P.B
ZN140,ZNF140	4	HOCO,JASP	pos	JASP.MA1589.1.ZNF140,JASP.MA1589.2.ZNF140,HOCO.ZN140.H13CORE.0.P.B,HOCO.ZN140.H13CORE.1.SM.B
IRX1,IRX3,IRX5,MKX	4	HOCO	pos	HOCO.IRX1.H13CORE.0.S.C,HOCO.IRX3.H13CORE.1.S.B,HOCO.IRX5.H13CORE.1.SM.B,HOCO.MKX.H13CORE.0.PSGIB.A
ZN816,ZNF816	4	HOCO,JASP	pos	JASP.MA1719.1.ZNF816,JASP.MA1719.2.ZNF816,HOCO.ZN816.H13CORE.0.P.B,HOCO.ZN816.H13CORE.1.P.C
EGR1,WT1,ZBT17	4	HOCO,JASP	pos	JASP.MA0162.2.EGR1,HOCO.WT1.H13CORE.0.P.B,HOCO.WT1.H13CORE.1.P.B,HOCO.ZBT17.H13CORE.0.P.B
ZXDA,ZXDB	4	CDBK,HOCO	pos	HOCO.ZXDA.H13CORE.0.PSI.A,HOCO.ZXDB.H13CORE.0.PI.A,CDBK.ZXDA.NA@SMS@TOP1,CDBK.ZXDB.NA@SMS@TOP1
SOX14,SOX17,SOX7,SRY	4	HOCO	pos	HOCO.SOX14.H13CORE.0.SM.B,HOCO.SOX17.H13CORE.2.S.C,HOCO.SOX7.H13CORE.1.SM.B,HOCO.SRY.H13CORE.1.S.B
ZN263,ZNF263	4	HOCO,JASP	pos	JASP.MA0528.2.ZNF263,JASP.MA0528.3.ZNF263,HOCO.ZN263.H13CORE.0.PM.A,HOCO.ZN263.H13CORE.1.P.B
HIC1,HIC2	4	HOCO,JASP	pos	JASP.MA0738.1.HIC2,JASP.MA0738.2.HIC2,HOCO.HIC1.H13CORE.0.PSM.A,HOCO.HIC2.H13CORE.0.P.B
ZNF143,ZNF76	4	HOCO,JASP	pos	JASP.MA0088.2.ZNF143,JASP.MA1716.1.ZNF76,JASP.MA1716.2.ZNF76,HOCO.ZNF76.H13CORE.1.SM.B
TFAP2A,THAP1,ZBT43,ZBTB8A	4	CDBK,HOCO,JASP	pos	JASP.MA0003.1.TFAP2A,JASP.MA0597.1.THAP1,HOCO.ZBT43.H13CORE.0.S.C,CDBK.ZBTB8A.FL@HTS.LYS@TOP1
KAISO,ZBTB33	4	HOCO,JASP	pos	JASP.MA0527.1.ZBTB33,JASP.MA0527.2.ZBTB33,HOCO.KAISO.H13CORE.0.P.B,HOCO.KAISO.H13CORE.1.P.B
DUX4,DUXA	4	HOCO,JASP	pos	JASP.MA0468.1.DUX4,JASP.MA0884.1.DUXA,HOCO.DUX4.H13CORE.0.P.B,HOCO.DUXA.H13CORE.0.SM.B
TERF1,TZAP,ZBTB8B	4	CDBK,HOCO	pos	HOCO.TERF1.H13CORE.0.PSGB.A,HOCO.TZAP.H13CORE.0.P.B,CDBK.TERF1.FL@HTS.LYS@TOP1,CDBK.ZBTB8B.DBD@HTS.IVT@TOP1
RBPJ,SUH,ZN75A	4	HOCO,JASP	pos	JASP.MA1116.1.RBPJ,JASP.MA1116.2.RBPJ,HOCO.SUH.H13CORE.0.P.B,HOCO.ZN75A.H13CORE.0.SM.B
FOXH1	3	HOCO,JASP	pos	JASP.MA0479.1.FOXH1,JASP.MA0479.2.FOXH1,HOCO.FOXH1.H13CORE.0.P.B
NR6A1	3	HOCO,JASP	pos	JASP.MA1541.1.NR6A1,JASP.MA1541.2.NR6A1,HOCO.NR6A1.H13CORE.2.SM.B
ZBED1	3	HOCO,JASP	pos	JASP.MA0749.1.ZBED1,JASP.MA0749.2.ZBED1,HOCO.ZBED1.H13CORE.0.S.B
ZBT12,ZBTB12	3	HOCO,JASP	pos	JASP.MA1649.1.ZBTB12,JASP.MA1649.2.ZBTB12,HOCO.ZBT12.H13CORE.0.P.B
SLC2A4RG,ZN704,ZNF395	3	HOCO	pos	HOCO.SLC2A4RG.H13CORE.0.PSG.A,HOCO.ZN704.H13CORE.0.SM.B,HOCO.ZNF395.H13CORE.0.PSGI.A
ZN410,ZNF410	3	HOCO,JASP	pos	JASP.MA0752.1.ZNF410,JASP.MA0752.2.ZNF410,HOCO.ZN410.H13CORE.0.SM.B
ZN610,ZNF610	3	HOCO,JASP	pos	JASP.MA1713.1.ZNF610,JASP.MA1713.2.ZNF610,HOCO.ZN610.H13CORE.0.P.B
MSANTD1,ZNF536	3	CDBK,HOCO	pos	HOCO.MSANTD1.H13CORE.0.PSGIB.A,CDBK.MSANTD1.FL@AFS.LYS@TOP1,CDBK.ZNF536.NA@SMS@TOP1
PPARA,PPARD,PPARG	3	HOCO	pos	HOCO.PPARA.H13CORE.0.P.B,HOCO.PPARD.H13CORE.0.PSM.A,HOCO.PPARG.H13CORE.0.P.B
ZN574,ZNF574	3	HOCO,JASP	pos	JASP.MA1982.1.ZNF574,JASP.MA1982.2.ZNF574,HOCO.ZN574.H13CORE.0.P.B
PAX3,PAX5	3	HOCO,JASP	pos	JASP.MA0014.3.PAX5,JASP.MA0014.4.PAX5,HOCO.PAX3.H13CORE.1.SM.B
HMG20A,ZNF827	3	CDBK,HOCO	pos	HOCO.HMG20A.H13CORE.0.SB.A,CDBK.HMG20A.FL@HTS.GFPIVT@TOP1,CDBK.ZNF827.DBD@HTS.GFPIVT@TOP1
HAND1,HAND2,LYL1	3	HOCO	pos	HOCO.HAND1.H13CORE.1.P.B,HOCO.HAND2.H13CORE.1.P.B,HOCO.LYL1.H13CORE.0.P.C
PLAGL2,ZN320	3	HOCO,JASP	pos	JASP.MA1548.1.PLAGL2,JASP.MA1548.2.PLAGL2,HOCO.ZN320.H13CORE.1.P.B
NR1H4,NR2F1,NR2F6	3	HOCO,JASP	pos	JASP.MA1538.1.NR2F1,JASP.MA1539.1.NR2F6,HOCO.NR1H4.H13CORE.1.P.B
ZSC31,ZSCAN31	3	HOCO,JASP	pos	JASP.MA1722.1.ZSCAN31,JASP.MA1722.2.ZSCAN31,HOCO.ZSC31.H13CORE.1.SM.B
ZN682,ZNF682	3	HOCO,JASP	pos	JASP.MA1599.1.ZNF682,JASP.MA1599.2.ZNF682,HOCO.ZN682.H13CORE.1.P.B
SMAD2,SMAD3,SMAD4	3	HOCO	pos	HOCO.SMAD2.H13CORE.1.P.B,HOCO.SMAD3.H13CORE.1.P.B,HOCO.SMAD4.H13CORE.0.P.B
ZN701,ZNF701	3	HOCO,JASP	pos	JASP.MA1987.1.ZNF701,JASP.MA1987.2.ZNF701,HOCO.ZN701.H13CORE.0.P.B
SP5,ZN684	3	HOCO,JASP	pos	JASP.MA1965.1.SP5,JASP.MA1965.2.SP5,HOCO.ZN684.H13CORE.1.M.C
HMX1,HMX2,HMX3	3	HOCO	pos	HOCO.HMX1.H13CORE.0.SM.B,HOCO.HMX2.H13CORE.0.SM.B,HOCO.HMX3.H13CORE.0.S.B
SMAD2,SMAD3,SMAD4	3	HOCO	pos	HOCO.SMAD2.H13CORE.0.P.B,HOCO.SMAD3.H13CORE.2.P.C,HOCO.SMAD4.H13CORE.1.P.B
ZN784,ZNF784	3	HOCO,JASP	pos	JASP.MA1717.1.ZNF784,JASP.MA1717.2.ZNF784,HOCO.ZN784.H13CORE.0.SM.B
CUX2,ZBTB5,ZGLP1	3	HOCO	pos	HOCO.CUX2.H13CORE.2.S.C,HOCO.ZBTB5.H13CORE.0.SGI.A,HOCO.ZGLP1.H13CORE.0.SGB.A
HINFP	3	HOCO,JASP	pos	JASP.MA0131.2.HINFP,JASP.MA0131.3.HINFP,HOCO.HINFP.H13CORE.2.S.B
KLF9	3	JASP	pos	JASP.MA1107.1.KLF9,JASP.MA1107.2.KLF9,JASP.MA1107.3.KLF9
MSC,MYF6,MYOG	3	HOCO,JASP	pos	JASP.MA0665.1.MSC,JASP.MA0667.1.MYF6,HOCO.MYOG.H13CORE.0.PSM.A
NKX25,TBX20,TBX5	3	HOCO	pos	HOCO.NKX25.H13CORE.1.P.B,HOCO.TBX20.H13CORE.0.P.C,HOCO.TBX5.H13CORE.1.P.B
PO2F3,VSX2	3	HOCO	pos	HOCO.PO2F3.H13CORE.0.PS.A,HOCO.PO2F3.H13CORE.1.S.C,HOCO.VSX2.H13CORE.0.PSM.A
ZN680,ZNF680	3	HOCO,JASP	pos	JASP.MA1729.1.ZNF680,JASP.MA1729.2.ZNF680,HOCO.ZN680.H13CORE.0.P.B
NR1I2,VDR	3	HOCO,JASP	pos	JASP.MA1533.1.NR1I2,JASP.MA1533.2.NR1I2,HOCO.VDR.H13CORE.0.PS.A
E2F7,E2F8	3	HOCO,JASP	pos	JASP.MA0758.1.E2F7,JASP.MA0865.1.E2F8,HOCO.E2F7.H13CORE.0.S.C
ZN320,ZNF320	3	HOCO,JASP	pos	JASP.MA1976.1.ZNF320,JASP.MA1976.2.ZNF320,HOCO.ZN320.H13CORE.0.P.B
ZN667,ZNF667	3	HOCO,JASP	pos	JASP.MA1984.1.ZNF667,JASP.MA1984.2.ZNF667,HOCO.ZN667.H13CORE.1.P.C
TFAP2A,TFAP2B,TFAP2C	3	JASP	pos	JASP.MA0813.1.TFAP2B,JASP.MA0815.1.TFAP2C,JASP.MA0872.1.TFAP2A
ZN684,ZNF684	3	HOCO,JASP	pos	JASP.MA1600.1.ZNF684,JASP.MA1600.2.ZNF684,HOCO.ZN684.H13CORE.0.P.C
ZN407,ZNF407	3	CDBK,HOCO	pos	HOCO.ZN407.H13CORE.0.P.B,HOCO.ZNF407.H13CORE.0.PSGI.A,CDBK.ZNF407.DBD@AFS.GFPIVT@TOP1
ZN530,ZNF530	3	HOCO,JASP	pos	JASP.MA1981.1.ZNF530,JASP.MA1981.2.ZNF530,HOCO.ZN530.H13CORE.0.P.B
ZKSC5,ZKSCAN5	3	HOCO,JASP	pos	JASP.MA1652.1.ZKSCAN5,JASP.MA1652.2.ZKSCAN5,HOCO.ZKSC5.H13CORE.0.P.C
ZN669,ZNF669	3	HOCO,JASP	pos	JASP.MA1985.1.ZNF669,HOCO.ZN669.H13CORE.0.P.B,HOCO.ZN669.H13CORE.1.P.C
ZN251,ZNF251	3	CDBK,HOCO	pos	HOCO.ZN251.H13CORE.0.P.C,HOCO.ZNF251.H13CORE.0.PSGI.A,CDBK.ZNF251.DBD@HTS.GFPIVT@TOP1
OZF,ZN260,ZNF146	3	CDBK,HOCO	pos	HOCO.OZF.H13CORE.0.P.B,HOCO.ZN260.H13CORE.0.P.C,CDBK.ZNF146.FL@CHS@TOP1
ETV2,IKZF1	3	HOCO,JASP	pos	JASP.MA1508.1.IKZF1,JASP.MA1508.2.IKZF1,HOCO.ETV2.H13CORE.1.PM.A
ZNF16	3	HOCO,JASP	pos	JASP.MA1654.1.ZNF16,JASP.MA1654.2.ZNF16,HOCO.ZNF16.H13CORE.0.P.C
SMAD3,SMAD5	3	HOCO,JASP	pos	JASP.MA0795.1.SMAD3,JASP.MA1557.1.SMAD5,HOCO.SMAD3.H13CORE.0.S.B
HMBOX1,HMBX1	3	HOCO,JASP	pos	JASP.MA0895.1.HMBOX1,JASP.MA0895.2.HMBOX1,HOCO.HMBX1.H13CORE.0.PSM.A
ZN134,ZNF134	3	CDBK,HOCO	pos	HOCO.ZN134.H13CORE.0.P.C,HOCO.ZN134.H13CORE.1.P.C,CDBK.ZNF134.FL@CHS@TOP1
ZN274,ZNF274	3	HOCO,JASP	pos	JASP.MA1592.1.ZNF274,JASP.MA1592.2.ZNF274,HOCO.ZN274.H13CORE.0.SM.B
HES1,MAX,NPAS2	3	HOCO	pos	HOCO.HES1.H13CORE.0.S.C,HOCO.MAX.H13CORE.2.S.C,HOCO.NPAS2.H13CORE.2.S.B
RHOXF1,RHXF1	3	HOCO,JASP	pos	JASP.MA0719.1.RHOXF1,JASP.MA0719.2.RHOXF1,HOCO.RHXF1.H13CORE.0.SM.B
CTCFL	3	JASP	pos	JASP.MA1102.1.CTCFL,JASP.MA1102.2.CTCFL,JASP.MA1102.3.CTCFL
Z585B,ZN586,ZN675	3	HOCO	pos	HOCO.Z585B.H13CORE.0.P.C,HOCO.ZN586.H13CORE.0.P.C,HOCO.ZN675.H13CORE.0.P.C
ETS1,HINFP,ZN441	3	HOCO,JASP	pos	JASP.MA0098.1.ETS1,HOCO.HINFP.H13CORE.1.P.B,HOCO.ZN441.H13CORE.0.P.C
ZSCA1,ZSCA4,ZSCAN4	3	HOCO,JASP	pos	JASP.MA1155.1.ZSCAN4,HOCO.ZSCA1.H13CORE.0.SM.B,HOCO.ZSCA4.H13CORE.0.SM.B
ZN449,ZNF449	3	HOCO,JASP	pos	JASP.MA1656.1.ZNF449,JASP.MA1656.2.ZNF449,HOCO.ZN449.H13CORE.0.P.B
SLC2A4RG,SP100,ZNF395	3	CDBK,HOCO	pos	HOCO.SP100.H13CORE.0.PSGI.A,CDBK.SLC2A4RG.DBD@HTS.IVT@TOP1,CDBK.ZNF395.DBD@HTS.IVT@TOP1
PAX3,PAX7	2	HOCO	pos	HOCO.PAX3.H13CORE.0.PS.A,HOCO.PAX7.H13CORE.0.P.B
MYRFL	2	CDBK,HOCO	pos	HOCO.MYRFL.H13CORE.0.P.C,CDBK.MYRFL.FL@CHS@TOP1
E2F2,E2F3	2	JASP	pos	JASP.MA0469.2.E2F3,JASP.MA0864.1.E2F2
ZKSCAN3	2	JASP	pos	JASP.MA1973.1.ZKSCAN3,JASP.MA1973.2.ZKSCAN3
ZN431,ZN891	2	HOCO	pos	HOCO.ZN431.H13CORE.0.P.C,HOCO.ZN891.H13CORE.0.P.C
ZFP91	2	CDBK,HOCO	pos	HOCO.ZFP91.H13CORE.0.SGI.A,CDBK.ZFP91.DBD@AFS.GFPIVT@TOP1
ZNF678	2	CDBK,HOCO	pos	HOCO.ZNF678.H13CORE.0.PSG.A,CDBK.ZNF678.FL@AFS.GFPIVT@TOP1
ZNF582	2	JASP	pos	JASP.MA1983.1.ZNF582,JASP.MA1983.2.ZNF582
SMAD2	2	JASP	pos	JASP.MA1964.1.SMAD2,JASP.MA1964.2.SMAD2
GTF2IRD2	2	CDBK,HOCO	pos	HOCO.GTF2IRD2.H13CORE.0.PS.A,CDBK.GTF2IRD2.FL@HTS.LYS@TOP1
ZN580	2	HOCO	pos	HOCO.ZN580.H13CORE.0.SM.B,HOCO.ZN580.H13CORE.1.SM.B
PBX1	2	JASP	pos	JASP.MA0070.1.PBX1,JASP.MA0070.2.PBX1
ZNF93	2	JASP	pos	JASP.MA1721.1.ZNF93,JASP.MA1721.2.ZNF93
ZN281,ZNF746	2	HOCO	pos	HOCO.ZN281.H13CORE.1.SM.B,HOCO.ZNF746.H13CORE.0.PSG.A
TCFL5	2	JASP	pos	JASP.MA0632.2.TCFL5,JASP.MA0632.3.TCFL5
MYB	2	JASP	pos	JASP.MA0100.3.MYB,JASP.MA0100.4.MYB
ZBT40,ZBTB40	2	HOCO	pos	HOCO.ZBT40.H13CORE.0.P.B,HOCO.ZBTB40.H13CORE.0.PSG.A
ZXDC	2	CDBK,HOCO	pos	HOCO.ZXDC.H13CORE.0.PI.A,CDBK.ZXDC.NA@SMS@TOP1
OSR2	2	JASP	pos	JASP.MA1646.1.OSR2,JASP.MA1646.2.OSR2
CGGBP1	2	CDBK,HOCO	pos	HOCO.CGGBP1.H13CORE.0.PSGIB.A,CDBK.CGGBP1.FL@HTS.LYS@TOP1
FOXD2,FOXD3	2	HOCO	pos	HOCO.FOXD2.H13CORE.0.S.B,HOCO.FOXD3.H13CORE.1.S.B
HSFY1	2	HOCO	pos	HOCO.HSFY1.H13CORE.1.S.B,HOCO.HSFY1.H13CORE.2.M.B
ZN664	2	HOCO	pos	HOCO.ZN664.H13CORE.0.P.C,HOCO.ZN664.H13CORE.1.P.C
DACH1	2	CDBK,HOCO	pos	HOCO.DACH1.H13CORE.0.S.B,CDBK.DACH1.DBD@HTS.GFPIVT@TOP1
TIGD5	2	CDBK,HOCO	pos	HOCO.TIGD5.H13CORE.0.SGI.A,CDBK.TIGD5.DBD@AFS.GFPIVT@TOP1
ZNF354A	2	JASP	pos	JASP.MA1978.1.ZNF354A,JASP.MA1978.2.ZNF354A
ZNF780B	2	CDBK,HOCO	pos	HOCO.ZNF780B.H13CORE.0.PSGI.A,CDBK.ZNF780B.DBD@AFS.GFPIVT@TOP1
ZNF775	2	CDBK,HOCO	pos	HOCO.ZNF775.H13CORE.0.PSG.A,CDBK.ZNF775.FL@AFS.GFPIVT@TOP1
DMTF1	2	CDBK,HOCO	pos	HOCO.DMTF1.H13CORE.0.PSGIB.A,CDBK.DMTF1.FL@AFS.GFPIVT@TOP1
THAP11,ZN143	2	HOCO,JASP	pos	JASP.MA1573.1.THAP11,HOCO.ZN143.H13CORE.0.P.B
ZN528,ZNF528	2	HOCO,JASP	pos	JASP.MA1597.1.ZNF528,HOCO.ZN528.H13CORE.0.P.B
ZNF768	2	JASP	pos	JASP.MA1731.1.ZNF768,JASP.MA1731.2.ZNF768
ZNF692	2	JASP	pos	JASP.MA1986.1.ZNF692,JASP.MA1986.2.ZNF692
ZNF845	2	CDBK,HOCO	pos	HOCO.ZNF845.H13CORE.0.PSG.A,CDBK.ZNF845.DBD@AFS.GFPIVT@TOP1
ZN165,ZN223	2	HOCO	pos	HOCO.ZN165.H13CORE.0.P.C,HOCO.ZN223.H13CORE.0.P.C
EBF1	2	JASP	pos	JASP.MA0154.4.EBF1,JASP.MA0154.5.EBF1
MEF2C,MEF2D	2	HOCO	pos	HOCO.MEF2C.H13CORE.1.SM.B,HOCO.MEF2D.H13CORE.1.M.C
DPRX	2	JASP	pos	JASP.MA1480.1.DPRX,JASP.MA1480.2.DPRX
ZNF416	2	JASP	pos	JASP.MA1979.1.ZNF416,JASP.MA1979.2.ZNF416
PPARA,PPARG	2	HOCO	pos	HOCO.PPARA.H13CORE.1.P.B,HOCO.PPARG.H13CORE.1.P.B
ZN766,ZNF766	2	HOCO,JASP	pos	JASP.MA2098.1.ZNF766,HOCO.ZN766.H13CORE.1.P.B
TTF1	2	CDBK,HOCO	pos	HOCO.TTF1.H13CORE.0.PSG.A,CDBK.TTF1.FL@AFS.LYS@TOP1
THAP1	2	JASP	pos	JASP.MA0597.2.THAP1,JASP.MA0597.3.THAP1
KLF17	2	JASP	pos	JASP.MA1514.1.KLF17,JASP.MA1514.2.KLF17
ZN554	2	HOCO	pos	HOCO.ZN554.H13CORE.0.P.C,HOCO.ZN554.H13CORE.1.P.C
CASZ1	2	CDBK,HOCO	pos	HOCO.CASZ1.H13CORE.0.SGI.A,CDBK.CASZ1.DBD@HTS.GFPIVT@TOP1
PRDM9	2	JASP	pos	JASP.MA1723.1.PRDM9,JASP.MA1723.2.PRDM9
ZNF317	2	JASP	pos	JASP.MA1593.1.ZNF317,JASP.MA1593.2.ZNF317
ZNF257	2	JASP	pos	JASP.MA1710.1.ZNF257,JASP.MA1710.2.ZNF257
P63,P73	2	HOCO	pos	HOCO.P63.H13CORE.1.PS.A,HOCO.P73.H13CORE.1.P.B
PAX3	2	JASP	pos	JASP.MA1546.1.PAX3,JASP.MA1546.2.PAX3
FOXL1,SALL3	2	CDBK,JASP	pos	JASP.MA0033.1.FOXL1,CDBK.SALL3.FL@HTS.LYS@TOP1
ZNF335,ZNF668	2	CDBK	pos	CDBK.ZNF335.DBD@HTS.GFPIVT@TOP1,CDBK.ZNF668.DBD@AFS.GFPIVT@TOP1
MYBA,MYBL1	2	HOCO,JASP	pos	JASP.MA0776.1.MYBL1,HOCO.MYBA.H13CORE.2.S.B
ZN558,ZNF558	2	HOCO,JASP	pos	JASP.MA2335.1.ZNF558,HOCO.ZN558.H13CORE.0.P.B
ZNF142	2	CDBK,HOCO	pos	HOCO.ZNF142.H13CORE.0.PSGI.A,CDBK.ZNF142.DBD@HTS.GFPIVT@TOP1
ZNF215	2	CDBK,HOCO	pos	HOCO.ZNF215.H13CORE.0.PSG.A,CDBK.ZNF215.DBD@HTS.GFPIVT@TOP1
ZNF699	2	CDBK,HOCO	pos	HOCO.ZNF699.H13CORE.0.PSG.A,CDBK.ZNF699.DBD@AFS.GFPIVT@TOP1
RFX4	2	JASP	pos	JASP.MA0799.2.RFX4,JASP.MA0799.3.RFX4
ZNF648	2	CDBK,HOCO	pos	HOCO.ZNF648.H13CORE.0.PSGI.A,CDBK.ZNF648.FL@HTS.GFPIVT@TOP1
AHCTF1,GLYR1	2	CDBK	pos	CDBK.AHCTF1.DBD@PBM.ME@TOP1,CDBK.GLYR1.DBD@PBM.ME@TOP1
ZNF551	2	CDBK,HOCO	pos	HOCO.ZNF551.H13CORE.0.PSG.A,CDBK.ZNF551.DBD@HTS.GFPIVT@TOP1
DPF1,ZBT45	2	HOCO	pos	HOCO.DPF1.H13CORE.0.SM.B,HOCO.ZBT45.H13CORE.0.SM.B
AHCTF1,GLYR1	2	HOCO	pos	HOCO.AHCTF1.H13CORE.0.B.B,HOCO.GLYR1.H13CORE.0.B.B
KLF10,KLF11	2	HOCO	pos	HOCO.KLF10.H13CORE.1.PSM.A,HOCO.KLF11.H13CORE.1.SM.B
ZNF331	2	JASP	pos	JASP.MA1726.1.ZNF331,JASP.MA1726.2.ZNF331
NFKB2,REL	2	HOCO	pos	HOCO.NFKB2.H13CORE.0.PSM.A,HOCO.REL.H13CORE.0.P.B
ZKSCAN1	2	JASP	pos	JASP.MA1585.1.ZKSCAN1,JASP.MA1585.2.ZKSCAN1
YY1	2	CDBK,JASP	pos	JASP.MA0095.1.YY1,CDBK.YY1.FL@HTS.LYS@TOP1
ZFX,ZN711	2	HOCO	pos	HOCO.ZFX.H13CORE.0.P.B,HOCO.ZN711.H13CORE.0.P.C
ZNF8	2	CDBK,HOCO	pos	HOCO.ZNF8.H13CORE.0.P.C,CDBK.ZNF8.FL@CHS@TOP1
TIGD4	2	CDBK,HOCO	pos	HOCO.TIGD4.H13CORE.0.PSGI.A,CDBK.TIGD4.FL@HTS.GFPIVT@TOP1
ZNF675	2	JASP	pos	JASP.MA1714.1.ZNF675,JASP.MA1714.2.ZNF675
ZBTB14	2	JASP	pos	JASP.MA1650.1.ZBTB14,JASP.MA1650.2.ZBTB14
MTF1	2	HOCO,JASP	pos	JASP.MA0863.1.MTF1,HOCO.MTF1.H13CORE.0.SM.B
TCF23,TFE3	2	CAP-SELX,CDBK	pos	CDBK.TFE3.NA@SMS@TOP1,CAP-SELX.TCF23
MYT1,MYT1L	2	HOCO	pos	HOCO.MYT1.H13CORE.0.SG.A,HOCO.MYT1L.H13CORE.0.P.C
ZBTB6	2	JASP	pos	JASP.MA1581.1.ZBTB6,JASP.MA1581.2.ZBTB6
ZNF214	2	JASP	pos	JASP.MA1975.1.ZNF214,JASP.MA1975.2.ZNF214
GLIS1,GLIS3	2	HOCO	pos	HOCO.GLIS1.H13CORE.1.P.B,HOCO.GLIS3.H13CORE.0.P.C
RREB1	2	JASP	pos	JASP.MA0073.1.RREB1,JASP.MA0073.2.RREB1
CTCF	2	JASP	pos	JASP.MA1930.1.CTCF,JASP.MA1930.2.CTCF
PURB	2	CDBK,HOCO	pos	HOCO.PURB.H13CORE.0.B.B,CDBK.PURB.FL@PBM.ME@TOP1
NANOG,PO5F1	2	HOCO	pos	HOCO.NANOG.H13CORE.0.P.B,HOCO.PO5F1.H13CORE.0.P.B
ZNF526	2	CDBK,HOCO	pos	HOCO.ZNF526.H13CORE.0.S.C,CDBK.ZNF526.DBD@HTS.GFPIVT@TOP1
GATA1	2	JASP	pos	JASP.MA0035.4.GATA1,JASP.MA0035.5.GATA1
ZKSCAN4	2	CDBK,HOCO	pos	HOCO.ZKSCAN4.H13CORE.0.SG.A,CDBK.ZKSCAN4.DBD@AFS.GFPIVT@TOP1
ZFP14	2	HOCO,JASP	pos	JASP.MA1972.1.ZFP14,HOCO.ZFP14.H13CORE.0.P.C
FOXC1,MSANTD4	2	CDBK,JASP	pos	JASP.MA0032.1.FOXC1,CDBK.MSANTD4.FL@HTS.LYS@TOP1
THRB	2	JASP	pos	JASP.MA1575.1.THRB,JASP.MA1575.2.THRB
FOXI1,ZNF35	2	HOCO,JASP	pos	JASP.MA0042.1.FOXI1,HOCO.ZNF35.H13CORE.1.P.C
NACC2	2	CDBK,HOCO	pos	HOCO.NACC2.H13CORE.0.PSGIB.A,CDBK.NACC2.DBD@PBM.HK@TOP1
ZNF358	2	CDBK,HOCO	pos	HOCO.ZNF358.H13CORE.0.SG.A,CDBK.ZNF358.DBD@AFS.GFPIVT@TOP1
HELT,HES1	2	CAP-SELX,HOCO	pos	HOCO.HES1.H13CORE.1.S.C,CAP-SELX.HELT
MBNL2	2	CDBK,HOCO	pos	HOCO.MBNL2.H13CORE.0.B.B,CDBK.MBNL2.FL@PBM.ME@TOP1
ZN524,ZNF524	2	HOCO,JASP	pos	JASP.MA2096.1.ZNF524,HOCO.ZN524.H13CORE.0.S.B
ZFTA	2	CDBK,HOCO	pos	HOCO.ZFTA.H13CORE.0.PSGIB.A,CDBK.ZFTA.FL@AFS.LYS@TOP1
CTCF	2	JASP	pos	JASP.MA1929.1.CTCF,JASP.MA1929.2.CTCF
NRF1	2	HOCO,JASP	pos	JASP.MA0506.1.NRF1,HOCO.NRF1.H13CORE.0.PS.A
ZSCAN25	2	CDBK,HOCO	pos	HOCO.ZSCAN25.H13CORE.0.PSG.A,CDBK.ZSCAN25.FL@AFS.LYS@TOP1
PRDM10	2	CDBK,HOCO	pos	HOCO.PRDM10.H13CORE.0.PSGI.A,CDBK.PRDM10.DBD@AFS.GFPIVT@TOP1
ZNF549	2	JASP	pos	JASP.MA1728.1.ZNF549,JASP.MA1728.2.ZNF549
ZNF618	2	CDBK,HOCO	pos	HOCO.ZNF618.H13CORE.0.G.B,CDBK.ZNF618.FL@AFS.LYS@TOP1
ZNF24	2	HOCO,JASP	pos	JASP.MA1124.1.ZNF24,HOCO.ZNF24.H13CORE.0.P.B
ZSCAN12	2	CDBK,HOCO	pos	HOCO.ZSCAN12.H13CORE.0.P.B,CDBK.ZSCAN12.FL@CHS@TOP1
IRX2,P53	2	HOCO	pos	HOCO.IRX2.H13CORE.0.S.B,HOCO.P53.H13CORE.1.S.C
ZNF471	2	CDBK,HOCO	pos	HOCO.ZNF471.H13CORE.0.PSG.A,CDBK.ZNF471.DBD@AFS.GFPIVT@TOP1
ZSCAN2	2	CDBK,HOCO	pos	HOCO.ZSCAN2.H13CORE.0.PG.A,CDBK.ZSCAN2.FL@CHS@TOP1
ZNF454	2	JASP	pos	JASP.MA1712.1.ZNF454,JASP.MA1712.2.ZNF454
ZN623,ZNF623	2	HOCO	pos	HOCO.ZN623.H13CORE.0.P.C,HOCO.ZNF623.H13CORE.0.PG.A
ZBED5,ZNF532	2	HOCO	pos	HOCO.ZBED5.H13CORE.0.PSGIB.A,HOCO.ZNF532.H13CORE.0.SG.A
SP7,SP9	2	HOCO	pos	HOCO.SP7.H13CORE.0.P.B,HOCO.SP9.H13CORE.0.P.B
ZNF700	2	CDBK,HOCO	pos	HOCO.ZNF700.H13CORE.0.PSG.A,CDBK.ZNF700.DBD@HTS.GFPIVT@TOP1
ZBT24,ZBTB24	2	HOCO	pos	HOCO.ZBT24.H13CORE.0.P.B,HOCO.ZBTB24.H13CORE.0.SG.A
THRB	2	JASP	pos	JASP.MA1576.1.THRB,JASP.MA1576.2.THRB
MYPOP	2	CDBK,HOCO	pos	HOCO.MYPOP.H13CORE.0.PSGB.A,CDBK.MYPOP.FL@HTS.LYS@TOP1
HAND1,HAND2	2	HOCO	pos	HOCO.HAND1.H13CORE.0.P.B,HOCO.HAND2.H13CORE.0.P.B
PPARG	2	JASP	pos	JASP.MA0066.1.PPARG,JASP.MA0066.2.PPARG
E2F3	2	JASP	pos	JASP.MA0469.3.E2F3,JASP.MA0469.4.E2F3
HNF4A	2	JASP	pos	JASP.MA1494.1.HNF4A,JASP.MA1494.2.HNF4A
ZNF568	2	CDBK,HOCO	pos	HOCO.ZNF568.H13CORE.0.SG.A,CDBK.ZNF568.FL@AFS.GFPIVT@TOP1
ZNF728	2	CDBK,HOCO	pos	HOCO.ZNF728.H13CORE.0.PSG.A,CDBK.ZNF728.DBD@AFS.GFPIVT@TOP1
FER3L,FERD3L	2	HOCO,JASP	pos	JASP.MA1485.1.FERD3L,HOCO.FER3L.H13CORE.0.SM.B
ZNF724	2	CDBK,HOCO	pos	HOCO.ZNF724.H13CORE.0.PSG.A,CDBK.ZNF724.FL@HTS.GFPIVT@TOP1
ZNF878	2	CDBK,HOCO	pos	HOCO.ZNF878.H13CORE.0.PS.A,CDBK.ZNF878.FL@HTS.GFPIVT@TOP1
ZN382,ZNF382	2	HOCO,JASP	pos	JASP.MA1594.1.ZNF382,HOCO.ZN382.H13CORE.0.P.B
ZNF20	2	CDBK,HOCO	pos	HOCO.ZNF20.H13CORE.0.PSG.A,CDBK.ZNF20.FL@AFS.GFPIVT@TOP1
MESP1,TBX4	2	HOCO	pos	HOCO.MESP1.H13CORE.0.S.C,HOCO.TBX4.H13CORE.0.PS.A
ZNF343	2	JASP	pos	JASP.MA1711.1.ZNF343,JASP.MA1711.2.ZNF343
ZNF107	2	CDBK,HOCO	pos	HOCO.ZNF107.H13CORE.0.PSGI.A,CDBK.ZNF107.DBD@AFS.GFPIVT@TOP1
ZN112,ZN285	2	HOCO	pos	HOCO.ZN112.H13CORE.0.P.C,HOCO.ZN285.H13CORE.0.P.C
HES5,HES7	2	JASP	pos	JASP.MA0821.1.HES5,JASP.MA0822.1.HES7
ZFP28	2	CDBK,HOCO	pos	HOCO.ZFP28.H13CORE.0.P.B,CDBK.ZFP28.FL@CHS@TOP1
ZNF510	2	CDBK,HOCO	pos	HOCO.ZNF510.H13CORE.0.PSG.A,CDBK.ZNF510.DBD@AFS.GFPIVT@TOP1
ZNF665	2	CDBK,HOCO	pos	HOCO.ZNF665.H13CORE.0.PSG.A,CDBK.ZNF665.DBD@AFS.GFPIVT@TOP1
ZBT16,ZBTB32	2	HOCO,JASP	pos	JASP.MA1580.1.ZBTB32,HOCO.ZBT16.H13CORE.0.P.B
ZSC21,ZSCAN21	2	HOCO,JASP	pos	JASP.MA2336.1.ZSCAN21,HOCO.ZSC21.H13CORE.0.P.C
ZN793	2	HOCO	pos	HOCO.ZN793.H13CORE.0.P.B,HOCO.ZN793.H13CORE.1.P.C
MYSM1	2	CDBK,HOCO	pos	HOCO.MYSM1.H13CORE.0.P.B,CDBK.MYSM1.FL@CHS@TOP1
MGA,MGAP	2	HOCO	pos	HOCO.MGA.H13CORE.0.PSG.A,HOCO.MGAP.H13CORE.1.S.B
MLX,TFEB	2	HOCO	pos	HOCO.MLX.H13CORE.0.PM.A,HOCO.TFEB.H13CORE.1.P.C
ZN121,ZNF121	2	CDBK,HOCO	pos	HOCO.ZN121.H13CORE.0.P.B,CDBK.ZNF121.FL@CHS@TOP1
ZNF813	2	CDBK,HOCO	pos	HOCO.ZNF813.H13CORE.0.SG.A,CDBK.ZNF813.DBD@HTS.GFPIVT@TOP1
ZNF324	2	JASP	pos	JASP.MA1977.1.ZNF324,JASP.MA1977.2.ZNF324
ZNF367	2	CDBK,HOCO	pos	HOCO.ZNF367.H13CORE.0.PSGI.A,CDBK.ZNF367.FL@AFS.GFPIVT@TOP1
SOX21,SOX4	2	JASP	pos	JASP.MA0866.1.SOX21,JASP.MA0867.1.SOX4
TIGD3	2	CDBK,HOCO	pos	HOCO.TIGD3.H13CORE.0.PSGIB.A,CDBK.TIGD3.FL@HTS.GFPIVT@TOP1
ZNF518B	2	CDBK,HOCO	pos	HOCO.ZNF518B.H13CORE.0.PSG.A,CDBK.ZNF518B.FL@HTS.LYS@TOP1
ZNF696	2	CDBK,HOCO	pos	HOCO.ZNF696.H13CORE.0.PSG.A,CDBK.ZNF696.FL@HTS.GFPIVT@TOP1
DMRT1,DMRTB	2	HOCO	pos	HOCO.DMRT1.H13CORE.0.PS.A,HOCO.DMRTB.H13CORE.0.P.C
ZNF732	2	CDBK,HOCO	pos	HOCO.ZNF732.H13CORE.0.PSG.A,CDBK.ZNF732.DBD@HTS.GFPIVT@TOP1
ZN418,ZNF418	2	HOCO,JASP	pos	JASP.MA1980.1.ZNF418,HOCO.ZN418.H13CORE.0.P.B
ZN433	2	HOCO	pos	HOCO.ZN433.H13CORE.0.P.C,HOCO.ZN433.H13CORE.1.P.C
TCF20	2	CDBK,HOCO	pos	HOCO.TCF20.H13CORE.0.B.B,CDBK.TCF20.DBD@PBM.HK@TOP1
PRDM1	2	JASP	pos	JASP.MA0508.3.PRDM1,JASP.MA0508.4.PRDM1
ZNF282	2	JASP	pos	JASP.MA1154.1.ZNF282,JASP.MA1154.2.ZNF282
ZNF30	1	HOCO	pos	HOCO.ZNF30.H13CORE.0.P.C
FBXL19	1	HOCO	pos	HOCO.FBXL19.H13CORE.0.PSGIB.A
ZNF234	1	HOCO	pos	HOCO.ZNF234.H13CORE.0.PSG.A
ZN383	1	HOCO	pos	HOCO.ZN383.H13CORE.0.P.C
NR2E1	1	HOCO	pos	HOCO.NR2E1.H13CORE.1.S.B
NR1H4	1	HOCO	pos	HOCO.NR1H4.H13CORE.0.P.B
PLAG1	1	JASP	pos	JASP.MA0163.1.PLAG1
ZIK1	1	HOCO	pos	HOCO.ZIK1.H13CORE.0.P.C
ZN250	1	HOCO	pos	HOCO.ZN250.H13CORE.1.M.C
PAX3	1	HOCO	pos	HOCO.PAX3.H13CORE.2.P.C
ZSC16	1	HOCO	pos	HOCO.ZSC16.H13CORE.0.PSM.A
ZN677	1	HOCO	pos	HOCO.ZN677.H13CORE.0.P.C
ZN483	1	HOCO	pos	HOCO.ZN483.H13CORE.0.P.C
NFKB1	1	JASP	pos	JASP.MA0105.1.NFKB1
ZFP1	1	HOCO	pos	HOCO.ZFP1.H13CORE.0.PSM.A
ZN100	1	HOCO	pos	HOCO.ZN100.H13CORE.0.P.B
PRDM6	1	HOCO	pos	HOCO.PRDM6.H13CORE.0.P.B
PO2F2	1	HOCO	pos	HOCO.PO2F2.H13CORE.1.M.C
ZN610	1	HOCO	pos	HOCO.ZN610.H13CORE.1.P.C
ZN765	1	HOCO	pos	HOCO.ZN765.H13CORE.0.P.C
ZN578	1	HOCO	pos	HOCO.ZN578.H13CORE.0.P.C
ZNF672	1	CDBK	pos	CDBK.ZNF672.FL@HTS.GFPIVT@TOP1
ZNF234	1	CDBK	pos	CDBK.ZNF234.FL@AFS.GFPIVT@TOP1
ZN730	1	HOCO	pos	HOCO.ZN730.H13CORE.0.P.C
ZN519	1	HOCO	pos	HOCO.ZN519.H13CORE.0.P.C
ZNF263	1	JASP	pos	JASP.MA0528.1.ZNF263
ZNF136	1	JASP	pos	JASP.MA1588.1.ZNF136
LMX1B	1	HOCO	pos	HOCO.LMX1B.H13CORE.0.P.C
ZN430	1	HOCO	pos	HOCO.ZN430.H13CORE.0.P.C
ZNF226	1	CDBK	pos	CDBK.ZNF226.DBD@AFS.GFPIVT@TOP1
TAF1	1	HOCO	pos	HOCO.TAF1.H13CORE.0.P.B
ZN350	1	HOCO	pos	HOCO.ZN350.H13CORE.0.P.B
MKX	1	CDBK	pos	CDBK.MKX.FL@AFS.LYS@TOP1
ZN573	1	HOCO	pos	HOCO.ZN573.H13CORE.0.P.C
ZN563	1	HOCO	pos	HOCO.ZN563.H13CORE.1.P.C
ZNF470	1	CDBK	pos	CDBK.ZNF470.DBD@AFS.GFPIVT@TOP1
ZNF208	1	CDBK	pos	CDBK.ZNF208.DBD@HTS.GFPIVT@TOP1
FIZ1	1	CDBK	pos	CDBK.FIZ1.FL@HTS.LYS@TOP1
ATMIN	1	CDBK	pos	CDBK.ATMIN.FL@CHS@TOP1
ZN543	1	HOCO	pos	HOCO.ZN543.H13CORE.0.P.C
KLF4	1	JASP	pos	JASP.MA0039.3.KLF4
ZN716	1	HOCO	pos	HOCO.ZN716.H13CORE.0.P.C
ZN799	1	HOCO	pos	HOCO.ZN799.H13CORE.0.P.C
ZNF70	1	HOCO	pos	HOCO.ZNF70.H13CORE.0.PSG.A
HMGA1	1	HOCO	pos	HOCO.HMGA1.H13CORE.0.P.B
HMGA1	1	CDBK	pos	CDBK.HMGA1.FL@HTS.GFPIVT@TOP1
ZN692	1	HOCO	pos	HOCO.ZN692.H13CORE.0.P.C
ZN563	1	HOCO	pos	HOCO.ZN563.H13CORE.0.P.C
ZN561	1	HOCO	pos	HOCO.ZN561.H13CORE.0.P.C
TP53	1	JASP	pos	JASP.MA0106.1.TP53
ZN611	1	HOCO	pos	HOCO.ZN611.H13CORE.0.P.C
ZNF836	1	CDBK	pos	CDBK.ZNF836.DBD@AFS.GFPIVT@TOP1
NFIA	1	HOCO	pos	HOCO.NFIA.H13CORE.1.PS.A
ZN682	1	HOCO	pos	HOCO.ZN682.H13CORE.0.P.B
ZNF292	1	CDBK	pos	CDBK.ZNF292.DBD@HTS.GFPIVT@TOP1
ZN302	1	HOCO	pos	HOCO.ZN302.H13CORE.0.P.B
ZNF865	1	HOCO	pos	HOCO.ZNF865.H13CORE.0.PSG.A
INSM1	1	JASP	pos	JASP.MA0155.1.INSM1
RFX3	1	HOCO	pos	HOCO.RFX3.H13CORE.2.S.B
ZBT14	1	HOCO	pos	HOCO.ZBT14.H13CORE.1.S.B
ZN502	1	HOCO	pos	HOCO.ZN502.H13CORE.0.P.C
ZNF582	1	CDBK	pos	CDBK.ZNF582.FL@CHS@TOP1
ZN485	1	HOCO	pos	HOCO.ZN485.H13CORE.0.P.C
ZNF841	1	CDBK	pos	CDBK.ZNF841.DBD@AFS.GFPIVT@TOP1
MEF2B	1	HOCO	pos	HOCO.MEF2B.H13CORE.1.SM.B
ZNF3	1	HOCO	pos	HOCO.ZNF3.H13CORE.0.P.B
OTP	1	CAP-SELX	pos	CAP-SELX.OTP
MITF	1	HOCO	pos	HOCO.MITF.H13CORE.0.P.B
ZN534	1	HOCO	pos	HOCO.ZN534.H13CORE.1.P.C
ZNF8	1	JASP	pos	JASP.MA1718.1.ZNF8
ZN492	1	HOCO	pos	HOCO.ZN492.H13CORE.0.P.C
ZN577	1	HOCO	pos	HOCO.ZN577.H13CORE.0.P.B
ZNF814	1	CDBK	pos	CDBK.ZNF814.DBD@HTS.GFPIVT@TOP1
ZNF726	1	HOCO	pos	HOCO.ZNF726.H13CORE.0.PSGI.A
RLF	1	HOCO	pos	HOCO.RLF.H13CORE.0.PSGI.A
ZBED5	1	CDBK	pos	CDBK.ZBED5.DBD@AFS.GFPIVT@TOP1
ZNF623	1	CDBK	pos	CDBK.ZNF623.FL@AFS.GFPIVT@TOP1
ZBTB6	1	HOCO	pos	HOCO.ZBTB6.H13CORE.0.P.B
JRK	1	CDBK	pos	CDBK.JRK.FL@AFS.LYS@TOP1
ZN566	1	HOCO	pos	HOCO.ZN566.H13CORE.0.P.C
ZNF850	1	CDBK	pos	CDBK.ZNF850.DBD@HTS.GFPIVT@TOP1
ZN564	1	HOCO	pos	HOCO.ZN564.H13CORE.0.P.C
ZNF16	1	CDBK	pos	CDBK.ZNF16.FL@HTS.LYS@TOP1
ZN205	1	HOCO	pos	HOCO.ZN205.H13CORE.0.P.C
NKX3-1	1	JASP	pos	JASP.MA0124.1.NKX3-1
E4F1	1	HOCO	pos	HOCO.E4F1.H13CORE.0.P.B
ZBT37	1	HOCO	pos	HOCO.ZBT37.H13CORE.0.M.C
ZNF57	1	HOCO	pos	HOCO.ZNF57.H13CORE.0.PSG.A
TIGD7	1	HOCO	pos	HOCO.TIGD7.H13CORE.0.SGIB.A
ZNF8	1	HOCO	pos	HOCO.ZNF8.H13CORE.1.P.B
ZNF12	1	HOCO	pos	HOCO.ZNF12.H13CORE.0.P.C
MYNN	1	HOCO	pos	HOCO.MYNN.H13CORE.0.P.B
ZNF676	1	CDBK	pos	CDBK.ZNF676.FL@HTS.GFPIVT@TOP1
ZBT26	1	HOCO	pos	HOCO.ZBT26.H13CORE.1.SM.B
PIT1	1	HOCO	pos	HOCO.PIT1.H13CORE.0.SM.B
ZN239	1	HOCO	pos	HOCO.ZN239.H13CORE.0.P.C
PAX5	1	JASP	pos	JASP.MA0014.2.PAX5
ZKSC8	1	HOCO	pos	HOCO.ZKSC8.H13CORE.1.P.B
TEAD1	1	HOCO	pos	HOCO.TEAD1.H13CORE.2.S.C
ZNF233	1	CDBK	pos	CDBK.ZNF233.FL@CHS@TOP1
HOMEZ	1	HOCO	pos	HOCO.HOMEZ.H13CORE.0.S.B
ZNF213	1	JASP	pos	JASP.MA2121.1.ZNF213
SP2	1	JASP	pos	JASP.MA0516.2.SP2
Z585A	1	HOCO	pos	HOCO.Z585A.H13CORE.0.P.C
SALL3	1	HOCO	pos	HOCO.SALL3.H13CORE.0.PSG.A
KMT2B	1	HOCO	pos	HOCO.KMT2B.H13CORE.0.P.B
PO4F1	1	HOCO	pos	HOCO.PO4F1.H13CORE.0.S.B
ZN100	1	HOCO	pos	HOCO.ZN100.H13CORE.1.P.B
ZN510	1	HOCO	pos	HOCO.ZN510.H13CORE.0.P.C
CENPB	1	HOCO	pos	HOCO.CENPB.H13CORE.0.S.B
ZN529	1	HOCO	pos	HOCO.ZN529.H13CORE.0.P.B
ZN714	1	HOCO	pos	HOCO.ZN714.H13CORE.0.P.C
POGK	1	CDBK	pos	CDBK.POGK.FL@HTS.LYS@TOP1
TFAP4	1	HOCO	pos	HOCO.TFAP4.H13CORE.0.PSM.A
SETBP1	1	HOCO	pos	HOCO.SETBP1.H13CORE.0.B.B
ZNF35	1	HOCO	pos	HOCO.ZNF35.H13CORE.0.P.C
ZN132	1	HOCO	pos	HOCO.ZN132.H13CORE.0.P.C
ZN331	1	HOCO	pos	HOCO.ZN331.H13CORE.0.P.B
ZN335	1	HOCO	pos	HOCO.ZN335.H13CORE.0.P.B
DDIT3	1	HOCO	pos	HOCO.DDIT3.H13CORE.0.P.B
ZNF43	1	HOCO	pos	HOCO.ZNF43.H13CORE.0.PSGI.A
ZN584	1	HOCO	pos	HOCO.ZN584.H13CORE.0.P.B
ZNF275	1	HOCO	pos	HOCO.ZNF275.H13CORE.0.SG.A
ZN329	1	HOCO	pos	HOCO.ZN329.H13CORE.0.P.C
ZN540	1	HOCO	pos	HOCO.ZN540.H13CORE.0.P.C
ZN484	1	HOCO	pos	HOCO.ZN484.H13CORE.0.P.C
ZN791	1	HOCO	pos	HOCO.ZN791.H13CORE.0.P.C
ZNF77	1	HOCO	pos	HOCO.ZNF77.H13CORE.0.P.C
ZN667	1	HOCO	pos	HOCO.ZN667.H13CORE.0.P.C
ZNF14	1	HOCO	pos	HOCO.ZNF14.H13CORE.0.P.C
JRK	1	HOCO	pos	HOCO.JRK.H13CORE.0.PSGB.A
SOX1	1	HOCO	pos	HOCO.SOX1.H13CORE.0.S.B
ZN197	1	HOCO	pos	HOCO.ZN197.H13CORE.0.P.C
ZNF76	1	HOCO	pos	HOCO.ZNF76.H13CORE.0.P.B
ZFP90	1	HOCO	pos	HOCO.ZFP90.H13CORE.0.P.C
ZNF788P	1	CDBK	pos	CDBK.ZNF788P.FL@HTS.GFPIVT@TOP1
CAMTA2	1	HOCO	pos	HOCO.CAMTA2.H13CORE.0.PSGI.A
ZBTB2	1	HOCO	pos	HOCO.ZBTB2.H13CORE.0.SM.B
PO4F3	1	HOCO	pos	HOCO.PO4F3.H13CORE.0.SM.B
ZNF436	1	CDBK	pos	CDBK.ZNF436.FL@AFS.LYS@TOP1
ZN547	1	HOCO	pos	HOCO.ZN547.H13CORE.0.P.B
ZN273	1	HOCO	pos	HOCO.ZN273.H13CORE.0.P.C
E2F1	1	JASP	pos	JASP.MA0024.1.E2F1
ZN660	1	HOCO	pos	HOCO.ZN660.H13CORE.0.SM.B
ZN157	1	HOCO	pos	HOCO.ZN157.H13CORE.0.P.B
YBOX1	1	HOCO	pos	HOCO.YBOX1.H13CORE.0.SM.B
ZN649	1	HOCO	pos	HOCO.ZN649.H13CORE.0.P.C
ZN274	1	HOCO	pos	HOCO.ZN274.H13CORE.2.P.B
ZNF606	1	HOCO	pos	HOCO.ZNF606.H13CORE.0.PSG.A
ZN565	1	HOCO	pos	HOCO.ZN565.H13CORE.0.P.C
ZNF34	1	HOCO	pos	HOCO.ZNF34.H13CORE.0.P.C
ZNF28	1	HOCO	pos	HOCO.ZNF28.H13CORE.0.P.C
ZN595	1	HOCO	pos	HOCO.ZN595.H13CORE.0.P.C
STAT6	1	HOCO	pos	HOCO.STAT6.H13CORE.0.P.B
ZN479	1	HOCO	pos	HOCO.ZN479.H13CORE.0.P.C
ZBTB24	1	CDBK	pos	CDBK.ZBTB24.FL@AFS.GFPIVT@TOP1
RARA	1	JASP	pos	JASP.MA0730.1.RARA
ZN879	1	HOCO	pos	HOCO.ZN879.H13CORE.0.P.C
ZNF74	1	HOCO	pos	HOCO.ZNF74.H13CORE.0.P.C
ZNF709	1	CDBK	pos	CDBK.ZNF709.FL@CHS@TOP1
ZN254	1	HOCO	pos	HOCO.ZN254.H13CORE.0.P.C
ZBTB41	1	HOCO	pos	HOCO.ZBTB41.H13CORE.0.PSG.A
ZN614	1	HOCO	pos	HOCO.ZN614.H13CORE.0.P.C
ZN789	1	HOCO	pos	HOCO.ZN789.H13CORE.0.P.C
ZBED9	1	CDBK	pos	CDBK.ZBED9.FL@AFS.LYS@TOP1
ZNF157	1	JASP	pos	JASP.MA2331.1.ZNF157
ZSCAN16	1	JASP	pos	JASP.MA2100.1.ZSCAN16
ZNF772	1	CDBK	pos	CDBK.ZNF772.FL@AFS.GFPIVT@TOP1
ZNF92	1	HOCO	pos	HOCO.ZNF92.H13CORE.0.P.B
ZBT49	1	HOCO	pos	HOCO.ZBT49.H13CORE.0.P.C
RARA	1	JASP	pos	JASP.MA0729.1.RARA
ZNF547	1	JASP	pos	JASP.MA2334.1.ZNF547
ZNF184	1	JASP	pos	JASP.MA2120.1.ZNF184
ZN454	1	HOCO	pos	HOCO.ZN454.H13CORE.0.P.B
ZNF140	1	CDBK	pos	CDBK.ZNF140.FL@CHS@TOP1
SPIB	1	HOCO	pos	HOCO.SPIB.H13CORE.0.P.B
ZN337	1	HOCO	pos	HOCO.ZN337.H13CORE.0.P.C
ZF69B	1	HOCO	pos	HOCO.ZF69B.H13CORE.0.P.C
ZN416	1	HOCO	pos	HOCO.ZN416.H13CORE.0.P.C
HSF1	1	HOCO	pos	HOCO.HSF1.H13CORE.2.P.B
ZNF497	1	HOCO	pos	HOCO.ZNF497.H13CORE.0.SG.A
ZNF831	1	HOCO	pos	HOCO.ZNF831.H13CORE.0.PSGI.A
ZBT14	1	HOCO	pos	HOCO.ZBT14.H13CORE.0.P.C
SOX9	1	HOCO	pos	HOCO.SOX9.H13CORE.2.S.B
Z705G	1	HOCO	pos	HOCO.Z705G.H13CORE.0.P.C
ZNF497	1	CDBK	pos	CDBK.ZNF497.FL@AFS.GFPIVT@TOP1
Z354A	1	HOCO	pos	HOCO.Z354A.H13CORE.0.P.B
ZNF83	1	HOCO	pos	HOCO.ZNF83.H13CORE.0.G.C
ZN443	1	HOCO	pos	HOCO.ZN443.H13CORE.0.P.C
ZNF160	1	CDBK	pos	CDBK.ZNF160.DBD@HTS.GFPIVT@TOP1
ZN671	1	HOCO	pos	HOCO.ZN671.H13CORE.0.P.C
TIGD7	1	CDBK	pos	CDBK.TIGD7.DBD@HTS.IVT@TOP1
ZN768	1	HOCO	pos	HOCO.ZN768.H13CORE.0.P.B
ZN248	1	HOCO	pos	HOCO.ZN248.H13CORE.0.P.B
ZNF229	1	HOCO	pos	HOCO.ZNF229.H13CORE.0.SG.A
ZN749	1	HOCO	pos	HOCO.ZN749.H13CORE.1.P.C
ZN860	1	HOCO	pos	HOCO.ZN860.H13CORE.0.P.C
TPRX1	1	CDBK	pos	CDBK.TPRX1.FL@HTS.LYS@TOP1
ZNF286B	1	CDBK	pos	CDBK.ZNF286B.DBD@AFS.GFPIVT@TOP1
ZN778	1	HOCO	pos	HOCO.ZN778.H13CORE.0.P.C
ZNF354C	1	JASP	pos	JASP.MA0130.1.ZNF354C
ZNF335	1	HOCO	pos	HOCO.ZNF335.H13CORE.0.PSG.A
ZSC23	1	HOCO	pos	HOCO.ZSC23.H13CORE.0.M.C
ZN562	1	HOCO	pos	HOCO.ZN562.H13CORE.0.P.C
ATMIN	1	HOCO	pos	HOCO.ATMIN.H13CORE.0.P.B
ZN674	1	HOCO	pos	HOCO.ZN674.H13CORE.0.P.C
ZNF587B	1	CDBK	pos	CDBK.ZNF587B.DBD@HTS.GFPIVT@TOP1
ZN681	1	HOCO	pos	HOCO.ZN681.H13CORE.0.P.C
ZN154	1	HOCO	pos	HOCO.ZN154.H13CORE.0.P.C
IRX3	1	HOCO	pos	HOCO.IRX3.H13CORE.2.S.C
GABPA	1	CDBK	pos	CDBK.GABPA.NA@HTS.LYS@TOP1
ZNF677	1	JASP	pos	JASP.MA2101.1.ZNF677
ZN613	1	HOCO	pos	HOCO.ZN613.H13CORE.0.P.C
ZNF726	1	CDBK	pos	CDBK.ZNF726.DBD@AFS.GFPIVT@TOP1
MYT1	1	CDBK	pos	CDBK.MYT1.DBD@AFS.GFPIVT@TOP1
ZNF493	1	HOCO	pos	HOCO.ZNF493.H13CORE.0.PSGI.A
ZN133	1	HOCO	pos	HOCO.ZN133.H13CORE.0.P.B
ZNF490	1	CDBK	pos	CDBK.ZNF490.FL@CHS@TOP1
SOX8	1	JASP	pos	JASP.MA0868.1.SOX8
ZFP69	1	HOCO	pos	HOCO.ZFP69.H13CORE.0.P.C
ZN771	1	HOCO	pos	HOCO.ZN771.H13CORE.0.SM.B
ZSA5A	1	HOCO	pos	HOCO.ZSA5A.H13CORE.0.SM.B
ZNF35	1	JASP	pos	JASP.MA2333.1.ZNF35
ZN174	1	HOCO	pos	HOCO.ZN174.H13CORE.0.M.C
ZN790	1	HOCO	pos	HOCO.ZN790.H13CORE.1.P.C
NFAT5	1	HOCO	pos	HOCO.NFAT5.H13CORE.1.PS.A
ZN534	1	HOCO	pos	HOCO.ZN534.H13CORE.0.P.C
ZN429	1	HOCO	pos	HOCO.ZN429.H13CORE.0.P.C
SP1	1	JASP	pos	JASP.MA0079.2.SP1
ONEC2	1	HOCO	pos	HOCO.ONEC2.H13CORE.3.P.B
KLF16	1	HOCO	pos	HOCO.KLF16.H13CORE.1.P.B
PRD15	1	HOCO	pos	HOCO.PRD15.H13CORE.0.P.B
HOXA5	1	JASP	pos	JASP.MA0158.1.HOXA5
ZNF672	1	HOCO	pos	HOCO.ZNF672.H13CORE.0.PSG.A
ZNF275	1	CDBK	pos	CDBK.ZNF275.FL@AFS.GFPIVT@TOP1
ZNF264	1	CDBK	pos	CDBK.ZNF264.FL@CHS@TOP1
ZN567	1	HOCO	pos	HOCO.ZN567.H13CORE.0.P.C
ZFP3	1	HOCO	pos	HOCO.ZFP3.H13CORE.0.P.C
GRHL2	1	HOCO	pos	HOCO.GRHL2.H13CORE.0.P.B
ZNF569	1	HOCO	pos	HOCO.ZNF569.H13CORE.0.SG.A
ZNF30	1	CDBK	pos	CDBK.ZNF30.FL@CHS@TOP1
ZNF35	1	CDBK	pos	CDBK.ZNF35.FL@AFS.LYS@TOP1
ZN141	1	HOCO	pos	HOCO.ZN141.H13CORE.0.P.C
ZNF470	1	HOCO	pos	HOCO.ZNF470.H13CORE.0.PSG.A
NR1H2	1	HOCO	pos	HOCO.NR1H2.H13CORE.1.P.C
ZNF668	1	HOCO	pos	HOCO.ZNF668.H13CORE.0.SG.A
ZNF800	1	HOCO	pos	HOCO.ZNF800.H13CORE.0.PSG.A
ZN749	1	HOCO	pos	HOCO.ZN749.H13CORE.0.P.C
ZNF44	1	HOCO	pos	HOCO.ZNF44.H13CORE.0.P.C
GLIS1	1	HOCO	pos	HOCO.GLIS1.H13CORE.0.P.B
ZN611	1	HOCO	pos	HOCO.ZN611.H13CORE.1.P.C
ZNF709	1	HOCO	pos	HOCO.ZNF709.H13CORE.0.P.C
ZNF26	1	HOCO	pos	HOCO.ZNF26.H13CORE.1.P.B
FLYWCH1	1	CDBK	pos	CDBK.FLYWCH1.FL@HTS.GFPIVT@TOP1
MBD3	1	CDBK	pos	CDBK.MBD3.FL@CHS@TOP1
FEZF2	1	JASP	pos	JASP.MA2341.1.FEZF2
KMT2A	1	HOCO	pos	HOCO.KMT2A.H13CORE.0.P.B
DUXA	1	JASP	pos	JASP.MA0884.2.DUXA
DACH2	1	CDBK	pos	CDBK.DACH2.DBD@HTS.IVT@TOP1
ZN284	1	HOCO	pos	HOCO.ZN284.H13CORE.0.P.C
ZN557	1	HOCO	pos	HOCO.ZN557.H13CORE.0.P.C
ZNF41	1	HOCO	pos	HOCO.ZNF41.H13CORE.0.P.C
ZNF606	1	CDBK	pos	CDBK.ZNF606.DBD@AFS.GFPIVT@TOP1
NKX61	1	HOCO	pos	HOCO.NKX61.H13CORE.0.PS.A
ZN805	1	HOCO	pos	HOCO.ZN805.H13CORE.0.P.C
ZBED4	1	HOCO	pos	HOCO.ZBED4.H13CORE.0.SGIB.A
ZN584	1	HOCO	pos	HOCO.ZN584.H13CORE.1.P.C
ZN587	1	HOCO	pos	HOCO.ZN587.H13CORE.0.P.C
PAX6	1	JASP	pos	JASP.MA0069.1.PAX6
ZNF454	1	CDBK	pos	CDBK.ZNF454.FL@CHS@TOP1
GLI4	1	CDBK	pos	CDBK.GLI4.FL@AFS.LYS@TOP1
Z280A	1	HOCO	pos	HOCO.Z280A.H13CORE.0.P.B
ZNF7	1	HOCO	pos	HOCO.ZNF7.H13CORE.0.P.B
ZNF689	1	HOCO	pos	HOCO.ZNF689.H13CORE.0.PSG.A
PAX6	1	HOCO	pos	HOCO.PAX6.H13CORE.0.PSM.A
SIX4	1	HOCO	pos	HOCO.SIX4.H13CORE.1.M.C
ZBED4	1	CDBK	pos	CDBK.ZBED4.FL@HTS.LYS@TOP1
PHF21A	1	HOCO	pos	HOCO.PHF21A.H13CORE.0.B.B
ZNF250	1	CDBK	pos	CDBK.ZNF250.FL@AFS.LYS@TOP1
SOX18	1	JASP	pos	JASP.MA1563.1.SOX18
ZNF66	1	CDBK	pos	CDBK.ZNF66.FL@AFS.GFPIVT@TOP1
PRDM4	1	HOCO	pos	HOCO.PRDM4.H13CORE.0.PSM.A
ZNF721	1	HOCO	pos	HOCO.ZNF721.H13CORE.0.PSG.A
ZSC29	1	HOCO	pos	HOCO.ZSC29.H13CORE.1.M.C
ZN548	1	HOCO	pos	HOCO.ZN548.H13CORE.0.P.B
ZNF14	1	CDBK	pos	CDBK.ZNF14.FL@CHS@TOP1
RARA	1	HOCO	pos	HOCO.RARA.H13CORE.1.P.B
NR1I3	1	HOCO	pos	HOCO.NR1I3.H13CORE.0.P.B
ZNF43	1	CDBK	pos	CDBK.ZNF43.DBD@AFS.GFPIVT@TOP1
ZNF57	1	CDBK	pos	CDBK.ZNF57.FL@AFS.GFPIVT@TOP1
Z780A	1	HOCO	pos	HOCO.Z780A.H13CORE.0.P.C
FEZF1	1	HOCO	pos	HOCO.FEZF1.H13CORE.0.P.B
PROX1	1	JASP	pos	JASP.MA0794.1.PROX1
ZNF41	1	HOCO	pos	HOCO.ZNF41.H13CORE.1.P.C
ZN778	1	HOCO	pos	HOCO.ZN778.H13CORE.1.P.B
ZN605	1	HOCO	pos	HOCO.ZN605.H13CORE.0.P.C
ZN304	1	HOCO	pos	HOCO.ZN304.H13CORE.0.P.C
ZNF347	1	HOCO	pos	HOCO.ZNF347.H13CORE.0.PSGI.A
ZNF12	1	HOCO	pos	HOCO.ZNF12.H13CORE.2.S.C
ZNF836	1	HOCO	pos	HOCO.ZNF836.H13CORE.0.PSG.A
TSHZ2	1	HOCO	pos	HOCO.TSHZ2.H13CORE.0.SG.A
ZBED4	1	JASP	pos	JASP.MA2328.1.ZBED4
ZNF507	1	HOCO	pos	HOCO.ZNF507.H13CORE.0.I.B
ZN222	1	HOCO	pos	HOCO.ZN222.H13CORE.0.P.C
ZN250	1	HOCO	pos	HOCO.ZN250.H13CORE.0.P.C
SOX11	1	CAP-SELX	pos	CAP-SELX.SOX11
ZNF48	1	HOCO	pos	HOCO.ZNF48.H13CORE.0.PSG.A
ZN782	1	HOCO	pos	HOCO.ZN782.H13CORE.0.P.C
ZBTB8B	1	HOCO	pos	HOCO.ZBTB8B.H13CORE.0.PSGI.A
ZN335	1	HOCO	pos	HOCO.ZN335.H13CORE.1.P.D
HXB4	1	HOCO	pos	HOCO.HXB4.H13CORE.0.P.B
ZN282	1	HOCO	pos	HOCO.ZN282.H13CORE.0.P.B
ZN550	1	HOCO	pos	HOCO.ZN550.H13CORE.0.P.C
NR2E1	1	HOCO	pos	HOCO.NR2E1.H13CORE.0.SM.B
THAP1	1	HOCO	pos	HOCO.THAP1.H13CORE.0.P.B
ZN823	1	HOCO	pos	HOCO.ZN823.H13CORE.0.P.C
ZNF587B	1	HOCO	pos	HOCO.ZNF587B.H13CORE.0.SG.A
ZNF131	1	CDBK	pos	CDBK.ZNF131.DBD@AFS.GFPIVT@TOP1
ZNF260	1	CDBK	pos	CDBK.ZNF260.FL@CHS@TOP1
ZBTB41	1	CDBK	pos	CDBK.ZBTB41.DBD@HTS.GFPIVT@TOP1
ZNF10	1	HOCO	pos	HOCO.ZNF10.H13CORE.0.P.C
IRX5	1	HOCO	pos	HOCO.IRX5.H13CORE.0.M.C
ZN480	1	HOCO	pos	HOCO.ZN480.H13CORE.1.P.C
ZN333	1	HOCO	pos	HOCO.ZN333.H13CORE.0.P.C
IRF5	1	JASP	pos	JASP.MA1420.1.IRF5
ZNF81	1	HOCO	pos	HOCO.ZNF81.H13CORE.0.P.C
ZNF83	1	CDBK	pos	CDBK.ZNF83.FL@AFS.GFPIVT@TOP1
ZNF92	1	CDBK	pos	CDBK.ZNF92.FL@CHS@TOP1
ZN490	1	HOCO	pos	HOCO.ZN490.H13CORE.0.P.C
ZFAT	1	HOCO	pos	HOCO.ZFAT.H13CORE.0.PSGI.A
CUX1	1	HOCO	pos	HOCO.CUX1.H13CORE.2.P.C
ZN790	1	HOCO	pos	HOCO.ZN790.H13CORE.0.P.C
ZN736	1	HOCO	pos	HOCO.ZN736.H13CORE.0.P.C
ZNF888	1	CDBK	pos	CDBK.ZNF888.FL@CHS@TOP1
ESR1	1	JASP	pos	JASP.MA0112.1.ESR1
ZSC31	1	HOCO	pos	HOCO.ZSC31.H13CORE.0.P.C
ZN101	1	HOCO	pos	HOCO.ZN101.H13CORE.0.P.C
ZKSC1	1	HOCO	pos	HOCO.ZKSC1.H13CORE.0.P.B
SOX30	1	HOCO	pos	HOCO.SOX30.H13CORE.0.P.C
PHF21A	1	CDBK	pos	CDBK.PHF21A.DBD@PBM.HK@TOP1
ZN124	1	HOCO	pos	HOCO.ZN124.H13CORE.0.P.C
ZBT22	1	HOCO	pos	HOCO.ZBT22.H13CORE.0.SM.B
ZNF705EP	1	CDBK	pos	CDBK.ZNF705EP.FL@CHS@TOP1
ZSC22	1	HOCO	pos	HOCO.ZSC22.H13CORE.0.P.C
ZBTB24	1	JASP	pos	JASP.MA2330.1.ZBTB24
ZNF746	1	CDBK	pos	CDBK.ZNF746.FL@AFS.GFPIVT@TOP1
THHEX	1	CAP-SELX	pos	CAP-SELX.THHEX
ZN33B	1	HOCO	pos	HOCO.ZN33B.H13CORE.0.P.C
NR3C1	1	JASP	pos	JASP.MA0113.1.NR3C1
ESR2	1	CAP-SELX	pos	CAP-SELX.ESR2
ZN449	1	HOCO	pos	HOCO.ZN449.H13CORE.1.S.C
ZNF23	1	HOCO	pos	HOCO.ZNF23.H13CORE.0.P.C
ZN37A	1	HOCO	pos	HOCO.ZN37A.H13CORE.0.P.B
HSFY1	1	HOCO	pos	HOCO.HSFY1.H13CORE.0.S.B
RUNX2	1	HOCO	pos	HOCO.RUNX2.H13CORE.2.M.C
ZN776	1	HOCO	pos	HOCO.ZN776.H13CORE.0.P.C
ZN440	1	HOCO	pos	HOCO.ZN440.H13CORE.0.P.C
NR1H4	1	JASP	pos	JASP.MA1110.1.NR1H4
TF2L1	1	HOCO	pos	HOCO.TF2L1.H13CORE.1.P.B
ZN343	1	HOCO	pos	HOCO.ZN343.H13CORE.0.PSM.A
MYCN	1	HOCO	pos	HOCO.MYCN.H13CORE.1.M.C
HINFP	1	JASP	pos	JASP.MA0131.1.HINFP
TF7L1	1	HOCO	pos	HOCO.TF7L1.H13CORE.2.S.C
ZN570	1	HOCO	pos	HOCO.ZN570.H13CORE.0.P.C
ZBTB40	1	CDBK	pos	CDBK.ZBTB40.DBD@AFS.GFPIVT@TOP1
MEF2B	1	HOCO	pos	HOCO.MEF2B.H13CORE.0.PS.A
HLF	1	HOCO	pos	HOCO.HLF.H13CORE.1.SM.B
ZNF814	1	HOCO	pos	HOCO.ZNF814.H13CORE.0.PSG.A
ZN184	1	HOCO	pos	HOCO.ZN184.H13CORE.0.P.B
SP2	1	HOCO	pos	HOCO.SP2.H13CORE.1.P.B
MBD3	1	HOCO	pos	HOCO.MBD3.H13CORE.0.P.B
KLF14	1	HOCO	pos	HOCO.KLF14.H13CORE.1.P.C
ANDR	1	HOCO	pos	HOCO.ANDR.H13CORE.2.P.B
ZN582	1	HOCO	pos	HOCO.ZN582.H13CORE.0.P.C
ZN274	1	HOCO	pos	HOCO.ZN274.H13CORE.1.P.B
SP1	1	JASP	pos	JASP.MA0079.1.SP1
FOXM1	1	CAP-SELX	pos	CAP-SELX.FOXM1
ZN322	1	HOCO	pos	HOCO.ZN322.H13CORE.0.P.C
ZNF853	1	HOCO	pos	HOCO.ZNF853.H13CORE.0.SG.A
ZN316	1	HOCO	pos	HOCO.ZN316.H13CORE.0.P.C
ZN329	1	HOCO	pos	HOCO.ZN329.H13CORE.1.P.C
ZNF208	1	HOCO	pos	HOCO.ZNF208.H13CORE.0.SGI.A
ZN257	1	HOCO	pos	HOCO.ZN257.H13CORE.0.P.B
BATF	1	HOCO	pos	HOCO.BATF.H13CORE.0.P.B
ZN441	1	HOCO	pos	HOCO.ZN441.H13CORE.1.P.C
ZNF596	1	CDBK	pos	CDBK.ZNF596.FL@CHS@TOP1
PGR	1	JASP	pos	JASP.MA2327.1.PGR
MYBL2	1	JASP	pos	JASP.MA0777.1.MYBL2
ZNF347	1	CDBK	pos	CDBK.ZNF347.FL@AFS.GFPIVT@TOP1
ZNF160	1	HOCO	pos	HOCO.ZNF160.H13CORE.0.SG.A
TAL1	1	HOCO	pos	HOCO.TAL1.H13CORE.1.P.B
ZN768	1	HOCO	pos	HOCO.ZN768.H13CORE.1.P.B
ZN615	1	HOCO	pos	HOCO.ZN615.H13CORE.0.P.C
ZN266	1	HOCO	pos	HOCO.ZN266.H13CORE.0.P.B
ZN214	1	HOCO	pos	HOCO.ZN214.H13CORE.0.P.B
ZNF226	1	HOCO	pos	HOCO.ZNF226.H13CORE.0.PSGI.A
ZN627	1	HOCO	pos	HOCO.ZN627.H13CORE.0.P.C
ZN362	1	HOCO	pos	HOCO.ZN362.H13CORE.0.P.C
GZF1	1	CISBP	pos	CISBP.GZF1.M11329_3.00
ZNF131	1	HOCO	pos	HOCO.ZNF131.H13CORE.0.PSGI.A
ATF1	1	HOCO	pos	HOCO.ATF1.H13CORE.1.P.B
ZNF705EP	1	HOCO	pos	HOCO.ZNF705EP.H13CORE.0.P.B
ZNF382	1	CDBK	pos	CDBK.ZNF382.FL@CHS@TOP1
ZNF646	1	HOCO	pos	HOCO.ZNF646.H13CORE.0.PSG.A
AC092835	1	CDBK	pos	CDBK.AC092835.FL@CHS@TOP1
FLYWCH1	1	HOCO	pos	HOCO.FLYWCH1.H13CORE.0.PSGB.A
VEZF1	1	HOCO	pos	HOCO.VEZF1.H13CORE.1.P.B
ZNF707	1	JASP	pos	JASP.MA1715.1.ZNF707
ZN527	1	HOCO	pos	HOCO.ZN527.H13CORE.0.P.C
PRD14	1	HOCO	pos	HOCO.PRD14.H13CORE.0.P.B
ZNF460	1	JASP	pos	JASP.MA1596.1.ZNF460
ZNF286B	1	HOCO	pos	HOCO.ZNF286B.H13CORE.0.PSG.A
ZNF689	1	CDBK	pos	CDBK.ZNF689.FL@AFS.GFPIVT@TOP1
ZN177	1	HOCO	pos	HOCO.ZN177.H13CORE.0.SM.B
ZNF317	1	CDBK	pos	CDBK.ZNF317.FL@CHS@TOP1
ZF64B	1	HOCO	pos	HOCO.ZF64B.H13CORE.0.P.B
LYL1	1	HOCO	pos	HOCO.LYL1.H13CORE.1.P.C
ZFP3	1	CDBK	pos	CDBK.ZFP3.DBD@HTS.IVT@TOP1
ZNF575	1	HOCO	pos	HOCO.ZNF575.H13CORE.0.PSG.A
LRRF1	1	HOCO	pos	HOCO.LRRF1.H13CORE.0.P.B
ZF64B	1	HOCO	pos	HOCO.ZF64B.H13CORE.1.P.B
HOXD13	1	JASP	pos	JASP.MA0909.2.HOXD13
ZN135	1	HOCO	pos	HOCO.ZN135.H13CORE.0.P.C
IRF6	1	HOCO	pos	HOCO.IRF6.H13CORE.1.S.C
ZNF772	1	HOCO	pos	HOCO.ZNF772.H13CORE.0.PG.A
HINFP	1	HOCO	pos	HOCO.HINFP.H13CORE.0.P.B
FOXJ2	1	HOCO	pos	HOCO.FOXJ2.H13CORE.1.SM.B
TBP	1	HOCO	pos	HOCO.TBP.H13CORE.0.P.B
ZNF850	1	HOCO	pos	HOCO.ZNF850.H13CORE.0.PSG.A
ZN75D	1	HOCO	pos	HOCO.ZN75D.H13CORE.1.P.B
NRL	1	HOCO	pos	HOCO.NRL.H13CORE.1.SM.B
SETBP1	1	CDBK	pos	CDBK.SETBP1.DBD@PBM.ME@TOP1
HSF5	1	HOCO	pos	HOCO.HSF5.H13CORE.1.S.C
ZNF841	1	HOCO	pos	HOCO.ZNF841.H13CORE.0.PSGI.A
ZN283	1	HOCO	pos	HOCO.ZN283.H13CORE.0.P.C
ZN296	1	HOCO	pos	HOCO.ZN296.H13CORE.0.S.C
ZN626	1	HOCO	pos	HOCO.ZN626.H13CORE.0.P.C
DACH2	1	HOCO	pos	HOCO.DACH2.H13CORE.0.S.B
KLF3	1	HOCO	pos	HOCO.KLF3.H13CORE.1.M.C
ZN432	1	HOCO	pos	HOCO.ZN432.H13CORE.0.P.C
ZN716	1	HOCO	pos	HOCO.ZN716.H13CORE.1.P.C
LHX6	1	HOCO	pos	HOCO.LHX6.H13CORE.0.P.B
ZN480	1	HOCO	pos	HOCO.ZN480.H13CORE.0.P.C
RLF	1	CDBK	pos	CDBK.RLF.DBD@HTS.IVT@TOP1
ZFP41	1	HOCO	pos	HOCO.ZFP41.H13CORE.0.SM.B
GRHL3	1	CDBK	pos	CDBK.GRHL3.DBD@PBM.HK@TOP1
ZNF79	1	HOCO	pos	HOCO.ZNF79.H13CORE.0.P.C
ZN549	1	HOCO	pos	HOCO.ZN549.H13CORE.0.P.B
SMAD5	1	HOCO	pos	HOCO.SMAD5.H13CORE.0.M.C
ZN821	1	HOCO	pos	HOCO.ZN821.H13CORE.0.SM.B
ZN875	1	HOCO	pos	HOCO.ZN875.H13CORE.0.P.C
ZNF569	1	CDBK	pos	CDBK.ZNF569.DBD@AFS.GFPIVT@TOP1
ZNF575	1	CDBK	pos	CDBK.ZNF575.FL@HTS.GFPIVT@TOP1
KLF15	1	HOCO	pos	HOCO.KLF15.H13CORE.1.P.C
ZN276	1	HOCO	pos	HOCO.ZN276.H13CORE.0.SM.B
ZN662	1	HOCO	pos	HOCO.ZN662.H13CORE.0.P.C
HNF1B	1	JASP	pos	JASP.MA0153.1.HNF1B
POGK	1	HOCO	pos	HOCO.POGK.H13CORE.0.SI.A
ZN425	1	HOCO	pos	HOCO.ZN425.H13CORE.0.P.C
ZFP90	1	HOCO	pos	HOCO.ZFP90.H13CORE.1.P.C
ZNF135	1	JASP	pos	JASP.MA1587.1.ZNF135
PROX1	1	HOCO	pos	HOCO.PROX1.H13CORE.0.SM.B
ZNF90	1	HOCO	pos	HOCO.ZNF90.H13CORE.0.P.C
TWST1	1	HOCO	pos	HOCO.TWST1.H13CORE.0.P.B
ZNF773	1	HOCO	pos	HOCO.ZNF773.H13CORE.0.PG.A
ZN394	1	HOCO	pos	HOCO.ZN394.H13CORE.0.P.C
ZNF721	1	CDBK	pos	CDBK.ZNF721.FL@AFS.GFPIVT@TOP1
NANOG	1	HOCO	pos	HOCO.NANOG.H13CORE.1.P.B
FOXR2	1	HOCO	pos	HOCO.FOXR2.H13CORE.0.M.C
ZNF827	1	HOCO	pos	HOCO.ZNF827.H13CORE.0.SG.A
ZNF233	1	HOCO	pos	HOCO.ZNF233.H13CORE.0.PG.A
ZN621	1	HOCO	pos	HOCO.ZN621.H13CORE.0.P.C
FIZ1	1	HOCO	pos	HOCO.FIZ1.H13CORE.0.PSGI.A
ZFP82	1	HOCO	pos	HOCO.ZFP82.H13CORE.0.P.C
VDR	1	CDBK	pos	CDBK.VDR.NA@HTS.IVT@TOP1
ZNF66	1	HOCO	pos	HOCO.ZNF66.H13CORE.0.PG.A
ZN160	1	HOCO	pos	HOCO.ZN160.H13CORE.0.P.C
DNTTIP1	1	CDBK	pos	CDBK.DNTTIP1.FL@HTS.LYS@TOP1
PRDM4	1	JASP	pos	JASP.MA1647.1.PRDM4
ZN224	1	HOCO	pos	HOCO.ZN224.H13CORE.0.P.B
PRDM9	1	HOCO	pos	HOCO.PRDM9.H13CORE.0.P.B
ZNF26	1	HOCO	pos	HOCO.ZNF26.H13CORE.0.P.B
TP63	1	JASP	pos	JASP.MA0525.2.TP63
ZNF229	1	CDBK	pos	CDBK.ZNF229.DBD@HTS.GFPIVT@TOP1
ZN766	1	HOCO	pos	HOCO.ZN766.H13CORE.0.P.B
ZNF646	1	CDBK	pos	CDBK.ZNF646.DBD@HTS.GFPIVT@TOP1
ZN506	1	HOCO	pos	HOCO.ZN506.H13CORE.0.P.C
ZNF532	1	CDBK	pos	CDBK.ZNF532.DBD@HTS.GFPIVT@TOP1
ZN267	1	HOCO	pos	HOCO.ZN267.H13CORE.0.P.C
ZNF48	1	CDBK	pos	CDBK.ZNF48.FL@AFS.LYS@TOP1
GLI4	1	HOCO	pos	HOCO.GLI4.H13CORE.0.P.C
ZSA5C	1	HOCO	pos	HOCO.ZSA5C.H13CORE.0.P.C
TSHZ2	1	CDBK	pos	CDBK.TSHZ2.DBD@HTS.IVT@TOP1
Z324A	1	HOCO	pos	HOCO.Z324A.H13CORE.0.P.B
RBAK	1	HOCO	pos	HOCO.RBAK.H13CORE.0.P.C
PATZ1	1	HOCO	pos	HOCO.PATZ1.H13CORE.0.P.B
ZN264	1	HOCO	pos	HOCO.ZN264.H13CORE.0.P.B
ZN880	1	HOCO	pos	HOCO.ZN880.H13CORE.0.P.C
IRF3	1	HOCO	pos	HOCO.IRF3.H13CORE.1.SM.B
BCL6B	1	JASP	pos	JASP.MA0731.1.BCL6B
ZNF493	1	CDBK	pos	CDBK.ZNF493.DBD@AFS.GFPIVT@TOP1
ZN467	1	HOCO	pos	HOCO.ZN467.H13CORE.0.P.C
ZKSC8	1	HOCO	pos	HOCO.ZKSC8.H13CORE.0.P.B
ZNF831	1	CDBK	pos	CDBK.ZNF831.DBD@HTS.IVT@TOP1
EWSR1-FLI1	1	JASP	pos	JASP.MA0149.1.EWSR1-FLI1
ZFP37	1	HOCO	pos	HOCO.ZFP37.H13CORE.0.P.C
ZNF70	1	CDBK	pos	CDBK.ZNF70.FL@AFS.GFPIVT@TOP1
ZN510	1	HOCO	pos	HOCO.ZN510.H13CORE.1.P.C
MSANTD4	1	HOCO	pos	HOCO.MSANTD4.H13CORE.0.SGIB.A
ZN317	1	HOCO	pos	HOCO.ZN317.H13CORE.1.P.B
ZNF865	1	CDBK	pos	CDBK.ZNF865.FL@CHS@TOP1
ZN180	1	HOCO	pos	HOCO.ZN180.H13CORE.0.P.C
ZNF676	1	HOCO	pos	HOCO.ZNF676.H13CORE.0.PSG.A
CREM	1	HOCO	pos	HOCO.CREM.H13CORE.1.P.C
ZN560	1	HOCO	pos	HOCO.ZN560.H13CORE.0.P.C
ZBT20	1	HOCO	pos	HOCO.ZBT20.H13CORE.0.SM.B
ZNF773	1	CDBK	pos	CDBK.ZNF773.FL@AFS.GFPIVT@TOP1
ZNF853	1	CDBK	pos	CDBK.ZNF853.DBD@HTS.GFPIVT@TOP1
ZN707	1	HOCO	pos	HOCO.ZN707.H13CORE.0.P.B
ZN616	1	HOCO	pos	HOCO.ZN616.H13CORE.0.P.C
ZN213	1	HOCO	pos	HOCO.ZN213.H13CORE.0.P.C
ZN436	1	HOCO	pos	HOCO.ZN436.H13CORE.0.P.C
ZN136	1	HOCO	pos	HOCO.ZN136.H13CORE.0.P.B
ZN317	1	HOCO	pos	HOCO.ZN317.H13CORE.0.P.B
ZNF12	1	HOCO	pos	HOCO.ZNF12.H13CORE.1.M.C
ZNF322	1	CDBK	pos	CDBK.ZNF322.FL@HTS.LYS@TOP1
ZN713	1	HOCO	pos	HOCO.ZN713.H13CORE.0.SM.B
ZN787	1	HOCO	pos	HOCO.ZN787.H13CORE.0.M.C
SRBP2	1	HOCO	pos	HOCO.SRBP2.H13CORE.1.P.B
